2,861191 6,397125 1,282345 3,187082 1,168847 VII
12,713680 -1,639087 2,855129 8,677379 0,261365 III
9,891465 -16,740797 -1,976272 -1,021669 0,690013 III
6,313898 2,858885 -1,117644 3,483590 1,589128 VI
-19,054724 -0,652001 -0,657119 1,892621 1,131697 I
7,549623 -11,388856 3,230490 -2,867640 0,517019 V
-1,593327 4,524557 -5,834536 -1,848789 0,350948 VI
-5,612057 -17,188779 3,874188 -3,323525 0,561169 II
-12,880514 -2,349527 -1,290684 -2,368038 1,472519 VII
2,980152 7,682319 3,013627 -3,276953 1,075478 V
-16,363591 -15,532377 -1,956931 -0,987578 1,191581 VI
15,019878 -16,279864 -1,339421 -0,845559 1,008426 III
-17,714449 17,700848 2,686103 1,209722 1,528555 V
2,278583 -14,493371 -3,146016 -4,403386 0,739953 VI
-16,657127 7,187705 -3,399456 -1,102277 0,292495 II
-3,947366 8,198089 -3,371802 1,487622 1,207103 VII
3,890498 12,523656 2,932117 2,661552 1,284784 III
6,953595 19,946867 -1,918542 -2,260951 1,842266 I
-18,962309 5,381353 -12,745268 -13,723480 0,061522 II
-19,637730 -17,460610 -3,004398 -1,011394 1,944153 III
17,062894 0,121619 -1,266876 -3,466612 1,371550 II
-2,715517 -17,910101 2,429827 1,922684 1,426083 V
-12,628903 -16,067861 -1,782454 1,829750 0,948585 II
-0,319149 -17,894277 2,685921 1,872103 1,305771 VI
-3,031501 -3,961771 -2,746659 -2,191396 1,563330 II
19,804582 -2,088532 -1,290764 -3,645683 1,320917 II
0,291178 18,679159 2,645884 1,236713 1,653292 VI
15,188789 -18,582696 -2,712713 3,927891 0,674012 I
-1,175998 3,355320 2,631283 0,776119 0,801329 V
1,323445 -18,954218 -1,285260 -4,218184 0,692982 II
4,337953 0,982334 1,340771 -0,889732 1,508584 V
7,517440 8,441994 1,195791 -4,374521 0,683316 IV
19,187205 -12,936711 -2,845055 -1,539686 1,521353 II
10,330350 13,973196 1,387002 -3,224708 1,331725 IV
6,521246 -0,582193 -1,730705 1,708551 1,894913 VI
8,278400 -11,732534 2,045097 3,574260 0,953171 VII
0,625907 -8,401412 -1,963798 -1,608637 0,952974 VII
5,100512 8,479734 -1,837341 0,604354 1,133270 V
2,977283 -15,804481 -2,744420 3,132883 0,758167 III
-4,216521 10,842636 -7,045019 -12,300308 0,099968 II
-6,432646 -10,726027 1,488821 -3,254840 1,173481 I
-19,091339 -11,282677 -2,660094 2,640876 1,462309 I
9,814998 12,800925 -3,174613 1,678104 1,443365 VI
-8,657719 5,018663 -3,370847 -0,854917 1,117272 III
-18,067953 13,999524 2,597079 -1,083671 1,944882 I
5,706480 2,040409 -2,648896 2,085261 1,208119 IV
11,901252 13,520828 -5,636377 -5,819647 0,283718 I
-10,666270 -12,974639 1,815043 -5,147034 0,356111 IV
7,582964 -3,698973 0,434941 -1,726113 1,485271 II
-7,733510 -17,397768 -5,074377 -10,438779 0,105271 II
15,299049 -2,876003 5,407872 4,640164 0,324209 VI
13,238557 -15,839623 10,251250 -3,514064 0,178144 I
-10,089061 -14,509401 -4,892158 -3,318871 0,100997 III
14,813329 -8,762795 1,894435 2,325041 1,497077 VII
1,655591 7,798381 5,847707 -2,119778 0,474845 II
-8,825608 -1,646251 -2,156980 4,227753 0,426891 VI
17,513488 16,969211 -4,519501 -6,630802 0,223521 I
14,085674 15,977899 -3,046507 1,326811 1,483344 I
11,706190 -18,143533 4,233635 5,046589 0,235594 VII
-9,152732 -18,059040 2,157838 3,178212 1,061668 II
18,886497 15,516079 2,360559 3,913682 0,237635 IV
8,782453 2,696184 2,593438 3,214314 1,210080 III
-10,245644 2,231178 -1,950520 2,944823 1,042523 III
-14,713757 7,505546 -1,337438 1,236358 1,306085 IV
-5,719370 8,359225 -1,221273 -3,077532 1,831421 I
14,520050 -15,921821 9,499508 -5,108972 0,083185 IV
5,002959 11,299371 2,181240 -3,175690 1,112041 V
-15,945855 13,212639 -1,635024 -2,731097 1,048250 V
9,660519 18,983861 -4,180197 8,661944 0,174166 VII
-8,214953 17,363192 0,822439 -3,250708 0,783523 V
6,015046 -5,434298 2,777815 -0,615054 1,986353 IV
-17,755957 6,905940 -0,810925 -1,708220 1,039489 VII
-6,205045 13,929790 -4,645089 -8,879692 0,146182 V
-13,912704 2,960467 2,067098 3,562694 1,163900 V
-4,654338 11,287799 -1,049048 0,582593 1,766634 IV
-5,718793 -9,553435 -1,668597 -0,068646 1,633506 VII
14,108215 11,657156 -6,948884 6,249731 0,116300 VI
-19,782104 7,871757 -1,515193 -4,531133 0,926548 I
3,697238 4,599146 3,394335 0,366898 0,878842 III
3,433457 -9,402128 8,796253 6,149118 0,163690 III
15,244428 2,619617 -6,512651 -3,167701 0,397897 I
6,300060 -1,883633 4,764641 -1,035225 0,375691 IV
-13,684820 -11,900704 4,609156 0,678158 0,437907 VII
-16,155620 8,149157 -1,858992 -8,404551 0,256125 V
-9,289023 -4,855656 -1,417848 2,420519 1,118484 I
9,822097 -12,958843 -5,858912 8,248687 0,187983 II
3,827911 4,099645 -4,135681 1,281081 0,799480 VI
-3,815983 1,811836 -2,694645 1,152201 1,566138 I
0,643216 -4,384729 3,763165 -1,248941 0,932470 I
-7,432718 7,918670 3,315965 3,820241 0,432701 II
-17,061184 10,804449 -2,115507 -0,828489 1,049620 III
18,414995 -19,559685 2,035431 3,547803 0,863457 II
12,645956 -5,882346 -1,737430 0,860830 1,591945 I
-3,348232 19,942350 -1,062351 -2,002359 1,951464 V
0,649702 0,536480 -5,031681 -6,574394 0,190009 I
2,751282 -8,653021 1,201831 1,250481 1,037975 III
-6,177278 -16,583126 -21,758150 -6,085683 0,020057 VI
-1,689552 -9,905249 3,929347 -3,379315 0,211216 VII
-9,212819 -10,479158 -2,095566 -3,780447 0,801587 VII
8,121237 -6,161530 -5,191110 1,812340 0,621715 IV
3,832093 9,072111 -1,480714 1,709949 1,976102 V
19,170053 8,437639 2,541820 -1,501957 1,761238 VII
-1,041024 12,977464 -0,423173 5,455835 0,379534 III
6,433787 -10,124965 -2,056430 2,652747 1,856484 I
-7,164850 7,252195 -1,068002 -0,361551 1,913433 V
8,908666 -1,408212 2,856030 -2,483767 0,675401 II
-3,949621 2,808739 -1,019877 0,631719 1,692939 V
-18,899949 -11,636244 4,291868 -0,811322 0,280212 III
11,609542 -11,253065 5,760356 2,854811 0,474266 III
18,437056 -14,142268 -2,191456 -0,793794 0,495646 VII
-7,974851 -8,085550 -9,553250 7,928416 0,129850 VII
8,227290 12,600016 2,815603 3,362142 0,753462 III
6,752953 -6,105824 2,837959 2,331598 1,591647 I
-13,982603 18,332398 2,492602 0,138940 1,729499 IV
17,632723 2,342774 2,539630 1,552063 1,511215 VII
-19,489371 -11,760184 4,464561 -0,501351 0,982518 V
-2,283286 -4,000571 0,786626 -3,694870 0,660492 IV
11,561916 6,245979 -3,799282 2,237262 0,705267 VII
14,437595 -15,277537 0,711519 -2,272615 1,850358 V
-14,226793 16,479157 1,967093 -2,880020 1,257420 II
15,244108 5,393126 -4,249053 4,344615 0,353096 V
2,542995 -13,999463 -1,139856 3,011386 0,962424 IV
14,307307 -18,836153 2,957999 1,169131 1,536193 I
-12,394748 8,264082 3,523478 -3,436443 0,757352 III
-13,253267 -18,210085 -1,605471 -2,412958 1,619646 IV
-3,352683 5,708535 0,991564 1,111738 1,307238 I
-16,223168 -4,633920 -4,964527 3,124283 0,325852 IV
12,743392 2,742525 0,388380 2,118355 1,899067 II
3,361670 -9,938165 0,871152 -1,171924 1,546677 VII
-1,696079 2,275750 5,836410 -6,215889 0,128195 VI
-7,635809 17,693903 2,538909 1,817211 1,132874 VII
-12,239202 -0,033396 -4,677770 3,995243 0,256370 I
9,196126 12,147953 -5,053338 2,921115 0,609841 I
5,769240 -8,845033 -4,571039 0,387438 1,000033 VII
1,452047 -2,592278 0,749729 1,303739 1,166271 I
-16,998854 -10,050315 -1,890251 1,468960 0,527030 VI
-11,974294 -11,808795 3,836932 -0,646231 0,879338 VI
-1,558874 6,445250 -0,217514 -3,711480 1,449022 V
-16,430380 -17,079724 -3,445082 1,638224 1,344800 VII
13,510094 -1,840415 3,248101 -2,771732 1,148821 VI
-4,497399 -16,722268 2,016652 -4,090301 1,011539 IV
0,267097 -2,085355 2,708849 -1,302147 1,801128 VII
-3,466166 5,306728 7,107042 -5,620968 0,193752 V
-1,398903 16,162101 -1,336807 1,932173 1,902170 II
-9,711956 -3,561731 1,543985 2,659354 1,464680 III
18,095378 14,564488 -2,456353 2,600493 1,516933 II
-7,234103 6,246153 1,907461 -1,803778 1,401831 IV
-17,219179 19,871567 -6,373568 -5,508830 0,160097 V
6,107998 -6,123406 2,874962 -2,300397 0,968011 I
12,458647 -16,525548 10,087046 7,054278 0,065734 III
-19,365175 2,645081 4,235622 -8,993004 0,216130 VII
-3,258218 -19,776063 0,610347 1,434620 1,799716 VI
19,865820 9,884809 4,546194 -4,693060 0,384403 I
-14,827707 -1,562042 -2,568318 2,116523 0,844862 VI
9,768147 19,591287 -1,630734 -1,393448 1,150408 I
-7,196537 -7,220663 -1,622803 2,160833 1,298175 VII
0,694230 7,918637 -3,290796 2,569592 0,207022 II
-9,624482 -2,659632 -0,737239 -3,249720 1,765000 I
7,017112 -7,528406 -1,794009 -2,057783 1,920913 II
-17,091645 -2,070223 2,298187 4,816529 0,502827 VI
-6,128281 3,263222 -2,570931 -1,405888 1,846494 I
10,416342 -18,295407 2,968038 -1,878557 1,132139 VI
1,327775 12,632042 2,662933 2,228793 1,789257 I
8,359264 -0,162645 -2,101621 -1,166396 1,690818 III
14,947034 -7,340079 -2,878746 3,954671 0,404097 V
7,576909 10,427010 1,853673 2,796266 1,234448 VI
-3,849492 14,111751 1,121403 3,270135 1,605202 IV
-13,216310 10,207088 5,874770 6,004386 0,259821 IV
8,315312 10,704737 2,549669 -2,252831 1,357851 III
-0,578606 7,127061 -3,132005 0,627560 1,446419 VI
-15,627584 -13,633790 2,071084 -2,885071 1,672565 III
15,702786 -6,757931 2,405464 -4,342872 0,217956 III
-11,606528 -12,435359 0,132835 3,216126 1,835549 V
4,594495 -6,962469 -1,499940 0,633658 1,734035 I
16,752564 -0,238261 2,403932 2,315898 0,527701 VII
14,702108 -6,591003 -0,577408 -2,833850 1,930718 IV
-11,688752 -16,183564 -1,564139 0,958161 1,640656 V
-4,183313 -14,705453 1,717941 -1,675680 1,863378 IV
-11,301563 -8,821983 18,118622 3,922295 0,032299 VII
-1,858648 12,730465 -3,665155 -1,981110 1,173788 VII
13,004487 -1,734767 -5,814073 -1,495480 0,429612 V
0,125530 -16,112958 -3,032538 0,859074 1,653862 V
0,511636 3,519641 4,610095 2,568314 0,690258 VI
-14,700033 -15,602577 2,691861 -0,958968 1,797651 I
9,097474 13,463115 7,008918 -1,209086 0,401270 VII
1,849282 -1,134100 -4,073146 2,750169 0,797655 II
12,542654 6,966552 2,393207 0,684185 0,919325 VI
11,975916 -11,681318 0,066763 2,430348 1,763842 V
14,016627 8,100372 8,356014 -13,748880 0,080904 VII
-13,775563 -8,967615 -3,940265 -4,212945 0,114370 III
-1,511289 -13,975816 2,584795 3,578125 0,517945 IV
-1,849910 13,675579 -2,560327 1,604429 1,528670 VI
-10,099763 12,765211 -1,201014 2,319784 1,472536 V
14,383569 5,378942 2,288284 4,175017 0,907485 III
5,899771 -18,750748 3,205745 -5,269939 0,099637 IV
-19,973539 -18,898935 -1,559002 5,927239 0,238883 II
13,331682 -15,922084 1,789565 1,685236 1,794338 V
-18,196071 -0,472152 1,011276 1,472243 1,546466 I
5,848044 -11,128856 1,443231 0,695461 1,772680 III
1,775297 -5,794842 -10,654132 -1,721922 0,184414 VI
17,329085 2,503922 4,287767 1,122117 1,092830 IV
8,964737 -10,854676 0,913094 6,965886 0,435884 IV
17,457964 13,560009 -2,783858 -2,663849 1,047167 II
-6,169055 8,879498 -2,691056 -3,266269 1,074672 II
4,099553 -2,241225 2,269523 -1,894104 1,766426 IV
-3,001961 -18,699100 -2,443733 -1,515252 1,312206 VI
-3,328586 -12,862356 3,647557 -0,525759 1,495427 IV
-3,845923 1,171057 -5,534801 4,141833 0,334443 VI
11,785711 13,057530 5,414953 -2,425914 0,423638 III
-19,734832 14,345147 -2,765604 1,014294 1,626056 V
1,533637 16,834227 19,050836 -5,833252 0,054739 IV
-14,591388 -5,402447 1,268692 0,790458 1,798855 VI
12,199298 -8,880066 -3,279210 -0,786084 0,990122 II
5,971937 -4,638706 -0,623043 1,668771 1,710534 III
0,050676 11,431720 -1,291933 -2,119012 1,763974 IV
-18,865744 2,165926 -0,945429 -2,138212 1,953213 VII
-2,205614 9,149900 -1,600635 0,719205 1,707351 III
5,968510 17,152639 -3,647753 -1,094554 1,279868 VI
-14,524071 13,170976 2,997651 -1,271751 1,295463 III
-18,639839 5,645858 2,804764 3,140624 0,774733 III
-7,836882 1,255384 1,689062 -2,835678 1,228274 VII
-2,314352 -1,568075 0,741212 5,737734 0,411404 IV
12,772425 9,676315 2,067818 -1,383795 1,434173 VI
-5,337856 -16,324662 4,226192 0,905405 0,318383 VI
-11,599609 -11,247268 -0,821812 1,975472 0,917391 II
-7,264816 -6,691928 -3,274316 -2,776633 0,890671 IV
11,196499 3,986286 2,202251 -3,066724 0,325512 IV
10,282531 5,989863 -0,806450 4,892409 0,454371 I
17,981063 11,140439 -1,688248 -3,186710 1,614349 IV
-1,388256 14,323055 6,860826 7,783523 0,122390 I
-9,390333 -3,961033 -1,308242 0,471829 1,989587 VII
4,522107 -19,166273 -0,574465 2,246984 0,542140 VI
-4,006471 14,304985 2,318247 1,644466 1,613578 VII
-0,858140 18,845402 -2,241408 -2,731798 1,299858 V
16,144776 7,420357 -0,627095 2,452322 0,853200 III
-18,786057 10,684444 7,928072 -2,994469 0,122752 VII
4,304352 -2,187489 1,666041 -2,380778 1,285550 II
-18,036972 -11,588341 -6,660484 0,438053 0,438133 I
18,650898 3,706458 -1,164626 -6,898162 0,372954 IV
16,197122 -4,223571 4,099098 -2,704674 0,601625 V
18,001829 15,034917 -1,302263 -4,424189 0,899899 II
4,188036 0,091507 6,231470 2,895085 0,456699 VII
18,559606 13,584138 16,877352 -16,432539 0,017807 VI
-7,170756 -14,924145 2,086030 3,635265 1,238303 VII
-0,929448 14,382156 -3,300639 -1,510771 1,549605 IV
-6,851270 1,951729 -31,397015 -3,631416 0,010471 I
16,907612 6,237670 -7,603447 2,104736 0,327691 II
10,898800 -12,584071 -1,950037 -2,296475 0,996172 IV
5,464670 8,384318 3,783828 -1,997077 0,553830 IV
2,955784 3,498467 1,128289 3,229421 1,572360 I
-4,876258 -1,889287 -1,801490 3,603640 0,616623 I
10,019948 -8,729563 1,006158 -3,451962 1,520449 V
1,589664 -18,928266 -3,156259 -2,230571 1,259634 VII
16,875598 16,192245 3,515441 1,499543 1,326605 VII
-15,568462 -17,389045 1,817779 0,679252 1,438024 III
-14,144326 -17,796567 5,468738 5,002280 0,354146 I
-15,421910 -4,794341 -1,628194 2,057626 1,625854 II
-0,403720 -8,430865 -1,144491 -1,206716 1,878837 IV
-4,364667 -15,764883 -1,890415 5,107583 0,197862 II
18,237353 15,034680 -1,711278 2,245988 1,302212 IV
10,985048 -15,224528 0,449889 2,855626 1,143976 V
17,566980 -11,058510 -4,845228 -12,857141 0,022462 II
-0,162248 -6,042113 1,624504 -1,473766 0,792794 I
-9,772235 -4,678815 4,147173 6,153836 0,242044 VII
-9,544691 1,413776 -2,693559 5,429355 0,247524 VII
-7,487026 8,415407 -3,037330 4,251007 0,702308 II
2,228174 -16,829171 2,869003 -2,054571 1,600803 II
-17,640936 19,960168 6,639859 2,123529 0,085791 II
6,108713 13,652149 0,908306 1,978922 1,267009 I
7,884572 19,961285 2,820360 -1,276761 1,020067 VI
-12,805546 -16,786517 3,297004 -2,178414 1,059139 VI
19,730838 -9,913591 -2,466154 -2,912416 1,327330 IV
-4,177231 -5,389066 3,227059 -1,379109 1,633930 III
13,281290 6,167730 -2,525261 6,983742 0,385099 VII
8,610077 10,512684 0,850403 1,470162 1,047305 I
-13,232214 14,490054 3,091734 -1,126344 1,029777 VII
-6,701643 3,526267 -4,102238 4,060439 0,316493 V
8,895108 -1,256419 2,074090 -3,504453 0,804302 II
-4,080927 -7,018224 -0,363791 -1,315327 1,550098 II
1,424118 1,447770 1,876296 -6,982621 0,373012 III
13,678043 17,319518 5,736693 -9,132669 0,165607 VII
15,449197 10,468541 -3,812822 14,169006 0,091802 III
-8,601889 -8,300006 2,007166 -2,936229 0,375868 II
19,918503 -14,492258 5,889260 -8,215807 0,150810 I
-10,889941 -8,289369 -4,883437 5,037138 0,194900 I
-3,281750 10,321077 1,029842 5,759314 0,318199 III
13,498483 1,477596 2,840457 2,688994 0,661227 IV
-4,841414 14,611811 -0,975947 -3,307616 1,694424 II
-14,101534 18,801270 -0,916432 -1,415132 1,695629 VII
-0,819994 -18,213035 -1,330176 2,944113 1,577571 III
-6,895425 16,203934 4,869421 3,948518 0,380320 VI
7,880290 3,290791 -1,727786 -0,440069 1,090018 VII
-13,350777 6,213398 6,735585 3,046326 0,176623 IV
-0,137556 11,282779 -2,204757 3,201488 0,639794 VII
-10,120220 7,843354 -1,498509 -3,711948 0,976077 IV
6,996055 -8,943129 3,110149 3,328104 1,035958 I
-5,686527 5,693657 -4,533545 4,149823 0,239478 III
15,652860 -4,459796 -1,371075 -1,811370 1,959819 VII
-11,596341 -15,301135 4,797211 14,729005 0,046303 IV
19,951699 -2,926672 -1,613639 3,769225 0,621372 VI
11,372901 -5,679697 4,500873 2,106736 0,451734 V
4,414401 -17,493101 -2,905676 1,896390 1,340720 III
-19,377387 -6,748009 -2,891429 4,102350 0,831749 II
-16,314930 -2,195997 5,364651 -4,677958 0,295799 VII
3,262522 -9,884068 2,342944 -4,501707 0,798813 V
-4,713236 1,497135 -5,917616 3,230938 0,472849 IV
12,149656 -7,775494 -1,435707 -0,234592 1,951458 V
13,791487 2,712238 2,687137 2,325569 1,632719 IV
-11,023400 14,187001 1,864258 0,748946 1,097725 IV
-13,460162 -2,164400 1,562158 -2,943805 1,356181 IV
-8,559406 6,238070 5,166591 4,053366 0,364451 V
13,185633 -17,010360 -0,404287 -1,429256 1,365803 V
14,600497 -7,483724 1,158628 2,041742 1,754034 IV
-4,923052 -16,042601 0,640520 1,826904 1,451504 II
10,336466 -5,461664 1,616410 -3,127300 0,830654 V
13,094961 18,521845 2,472175 2,694251 1,039341 III
-11,839456 3,859392 1,043893 -1,094039 1,171389 IV
10,489044 -16,546213 -2,253198 0,836669 1,001644 IV
-13,336472 2,596381 19,813126 14,489822 0,031843 III
11,997422 7,635781 2,188217 0,794764 1,075252 VII
-16,499270 15,124848 0,575349 3,016681 1,755132 IV
15,995426 7,690794 -3,596074 -1,410180 1,415709 VI
-18,581248 -16,399950 1,953083 -3,366952 0,995410 V
-4,261717 -13,581387 0,926117 1,136135 1,617576 III
-15,668130 19,166914 -3,025214 1,850490 1,742953 V
13,700204 3,867161 -0,834205 5,086748 0,746866 II
-17,759882 1,816460 -2,740826 -3,247042 0,536766 IV
-14,851435 18,730624 1,111258 -1,047206 1,029798 VII
8,376472 8,481622 -0,871786 1,299028 1,962882 VII
13,405435 -4,743324 3,442349 -1,838202 1,362963 I
-15,256066 5,656534 -1,977987 3,506423 1,196621 VII
-16,959870 -2,263570 2,441448 2,055745 0,479746 II
5,946290 13,532151 2,856342 2,276881 1,364509 VII
5,534024 19,782733 -1,926759 -1,972169 1,223729 V
6,263826 -19,357847 2,409870 -1,335921 1,891321 V
-14,203111 2,519640 -3,856339 -1,708674 1,099884 VI
4,045227 6,407055 -6,328324 -4,968592 0,289992 VI
-7,919710 11,368867 0,681414 -1,198173 1,415508 I
-17,271925 -12,405320 -1,927368 1,862989 1,908319 II
18,335425 18,068890 -1,949877 1,655920 1,519960 IV
1,870535 -3,062142 -4,819057 1,594260 0,619525 VII
-0,950359 -10,430961 2,414792 3,770332 1,047202 V
7,063369 10,593616 1,439985 -0,830379 1,241828 I
3,968651 -2,753323 3,505969 0,722953 1,593829 VII
9,914132 1,279025 1,678114 1,283246 0,903438 IV
-15,899526 -19,425214 5,107352 -6,521288 0,274104 II
8,499892 -19,529312 -3,191578 4,968578 0,414033 VII
6,407441 -7,877629 -1,317581 1,967135 1,965197 V
6,874863 11,084870 3,586722 -3,117042 0,828497 III
-9,781764 -16,676702 -1,107588 4,019919 1,048509 VI
-15,471624 -16,836476 3,481437 1,033104 1,397819 VI
-2,447725 -5,719088 -1,463740 -2,351816 1,763069 I
-3,186446 7,783922 1,582838 3,096077 0,794524 II
-4,054239 4,644163 3,093939 1,250836 1,863532 IV
-11,308920 -18,536445 -0,247477 -3,350979 1,901976 VII
-4,466385 12,831930 0,453538 -1,728646 1,448114 V
0,919518 -19,443611 9,176866 7,755688 0,142976 IV
4,274729 -9,102022 -2,898467 4,516128 0,377888 VII
6,993422 -12,829374 -12,882886 -4,516089 0,101791 VII
10,666107 -18,077548 -1,283220 -2,162616 1,673121 V
-12,085479 10,355215 -3,939919 0,395112 1,024196 II
10,463773 -10,409057 1,080422 -0,630415 1,982396 VI
-9,249426 10,735448 3,289651 0,893579 1,224065 III
3,010586 -18,932917 -0,526755 2,492343 1,455072 I
5,077243 -15,868146 -2,397948 -2,346403 1,721755 VII
15,844171 -17,374065 -1,913082 1,974487 1,483197 II
1,033271 15,403405 -0,159604 6,134304 0,536619 VI
-5,531306 9,102859 -10,816749 -7,974085 0,089384 VI
-9,037562 12,381768 0,913861 -3,008298 1,665224 I
-14,863754 4,115635 0,574332 -1,498136 1,910319 IV
-19,135360 -13,950196 1,189148 1,523107 1,570087 VII
1,335830 -18,196344 -1,646821 3,433473 0,670277 III
10,662142 14,211599 -3,049525 1,532464 1,329758 III
-19,118839 19,119456 1,619378 -1,000349 1,587452 VII
4,911684 -9,023299 -3,969010 -3,935507 0,339622 V
-3,420900 -12,307988 0,418902 2,300384 0,800146 II
-8,764023 2,455700 -1,579819 -3,450911 0,614500 V
-3,031048 7,350793 -2,489881 4,270783 0,577115 V
-0,672863 -15,035845 -2,226511 -0,886563 1,675733 IV
17,835204 17,463186 1,102633 -2,072569 1,691724 VI
1,674620 -16,877024 -1,775475 2,274378 1,659713 IV
-1,262841 18,271642 4,591471 3,992686 0,357101 II
3,748810 0,802509 -0,675801 -2,872165 0,382616 II
8,843886 2,179166 -2,946727 -1,801647 0,911753 IV
-11,423514 -8,979234 2,193191 -1,325658 1,668356 VI
1,759118 2,525923 -6,429005 3,488426 0,098297 VI
12,994202 -19,709181 -0,342460 2,297300 1,706035 VII
2,835640 -12,534046 2,585730 -3,097375 1,227804 V
0,446120 14,431244 -1,842863 1,485691 1,035463 IV
4,146939 17,751541 -1,072607 2,582219 1,305774 I
14,865821 7,935548 -1,848619 3,526457 0,706430 II
-4,610516 -15,960232 -3,394234 2,107962 1,245864 I
6,576979 -16,563647 -14,411797 5,657063 0,086612 II
17,509556 -17,670778 3,122372 1,728738 1,609154 IV
-19,636308 11,036851 2,292153 -2,710783 1,560585 IV
-4,528515 -18,500553 10,841886 7,526725 0,094315 II
18,631382 -16,051251 2,868978 -4,770560 0,472347 VI
-4,929646 10,234006 2,874188 1,736705 1,763469 III
14,692995 -16,394474 -3,393886 -1,527702 1,479119 VII
5,781881 -4,196435 -1,001078 -1,522542 0,883508 III
-2,483980 3,215272 -2,296446 0,949537 1,488659 III
18,183323 16,947393 -1,586117 -2,360227 1,623928 II
-5,612211 -12,245189 -1,614304 -1,192085 1,487842 II
9,671413 12,138527 1,982240 1,202998 1,989456 VI
-4,887921 3,582529 -2,709197 2,218229 1,731258 IV
10,801660 8,606537 0,339872 -3,782625 0,684852 VII
17,209409 -6,279094 4,744002 -2,559929 0,212468 VI
-13,255146 -0,958657 -1,936281 -3,128658 1,471072 VI
2,363142 -2,349808 1,964963 -3,893561 0,758940 II
17,499096 -3,784455 1,561994 4,502039 0,965255 IV
-5,781721 -19,565429 1,206376 2,243240 1,559833 IV
16,659760 -5,220939 -0,138835 4,164821 1,210762 VI
16,111506 -2,310686 0,440578 -1,366950 1,352942 IV
1,723643 -10,129794 1,230768 -5,537304 0,498042 IV
16,121181 -1,626070 -3,677892 -0,373987 1,524841 IV
4,737099 1,850315 1,088077 0,746014 1,602313 V
-15,218871 4,763108 1,398347 1,766132 1,817421 VII
16,300673 -13,702768 -2,237531 2,774251 1,472045 IV
-7,647833 -8,547851 1,224805 2,956020 0,243749 I
-17,954643 -8,072371 -1,458384 2,311206 1,818181 III
6,477871 -2,535172 2,826256 0,791752 1,549655 V
-9,725224 -1,802770 1,974936 -5,856472 0,484833 II
7,880124 4,573316 2,019281 1,462592 0,922683 VI
11,471976 -0,298681 -2,300596 -3,644630 0,272106 II
2,169183 -9,429960 -0,951633 1,936460 0,899116 VI
-19,431866 -17,600840 0,672717 3,078057 1,838067 IV
-12,373203 11,367154 -1,933735 -3,369082 1,287757 III
-7,277801 -11,179055 3,480940 1,346038 0,698725 IV
-2,153479 -13,402579 0,615241 -13,307491 0,104709 I
-4,024546 -8,108810 -1,336578 2,157795 1,537516 VI
-2,531558 -15,438655 1,823181 -1,481709 1,798506 VI
-5,320223 9,252876 -0,550131 -3,857199 1,077294 I
4,972858 -3,957018 -5,270891 0,462670 0,751046 I
17,317087 -3,296407 8,863775 4,812821 0,027879 IV
17,259803 16,505957 1,901767 -1,534546 1,563254 II
-7,182088 2,047530 2,738180 8,389860 0,195766 II
15,281284 1,030356 0,597777 1,735972 1,670694 III
-6,877891 -6,063549 -2,192293 -1,761328 1,242567 I
-14,648296 8,400161 -2,372773 -2,560767 1,503773 IV
-3,341174 -13,864095 2,166086 -4,492355 0,814248 II
12,625942 -15,760255 1,818685 -2,719643 1,413815 VI
18,136588 -14,975369 1,522511 -3,713271 1,199940 I
16,257591 -4,850433 -2,047923 1,160051 1,752081 IV
-15,713977 10,941940 10,360521 5,745136 0,110210 I
15,827550 7,871492 2,379425 2,507053 1,752668 VII
-10,414086 -4,808767 1,042591 2,961555 1,387311 VI
-3,514106 -9,878434 1,000177 -3,947706 0,941130 V
-9,779563 -2,913778 2,131138 -4,806688 0,665216 VII
-17,279432 5,063761 1,705115 -1,852731 1,645508 VI
17,366886 -11,199286 2,636485 3,717603 0,769311 V
19,822699 8,445750 -1,681344 1,069646 1,146893 VII
13,356868 15,837184 3,435622 1,305903 1,115547 VI
-14,010831 -19,654430 -11,792482 -5,045579 0,112269 VII
2,555873 -7,379566 -1,900724 3,659556 0,670043 VI
4,416377 -7,467624 3,595098 3,688453 0,703119 VII
-0,214055 16,356983 1,868999 -5,951043 0,287165 II
5,895799 7,014488 5,398449 -3,937294 0,350814 I
10,275837 -8,954269 -1,267231 -0,846614 1,360727 VI
8,900295 3,648048 -0,919522 -3,467073 1,612997 V
-5,771972 13,933519 -1,664594 2,651717 1,669083 VII
11,022244 13,073678 0,913761 2,324209 1,615290 VI
17,255287 10,246336 -2,094335 3,276131 0,258763 II
19,405303 -6,648548 -1,255883 3,159054 1,852988 III
18,925742 5,004020 -11,292926 6,312424 0,095305 VI
-14,948935 12,641413 -0,681143 -2,523685 0,613821 I
-3,078630 -8,417706 3,707132 6,329466 0,392998 IV
-5,496754 6,616831 -6,922464 -2,397749 0,202537 III
-4,438333 19,304951 36,207042 13,188494 0,012373 I
8,370802 7,749432 -1,111467 -2,114005 1,768711 I
-15,050104 12,836230 -2,617821 4,114943 0,675709 VI
-5,892086 -2,211671 -4,513225 -2,270363 0,739154 III
-10,721318 0,478354 -1,249365 3,655780 0,682400 V
9,972229 -9,304087 -3,570813 3,861994 0,551165 III
-12,945021 -15,952970 -1,175193 -2,538741 1,250548 IV
14,879982 -8,677129 1,839045 -2,948265 0,904615 VII
1,974510 -2,827468 0,830280 -3,974596 1,324678 V
6,141309 16,388902 2,954182 -5,070217 0,620389 III
-9,730414 -1,243428 2,778305 -2,348400 1,215920 VII
-11,167442 -2,366070 -2,577749 2,822952 1,246904 VI
11,799892 1,733510 -0,624362 2,560334 0,689796 VII
5,340485 -15,470987 3,611659 -0,461481 1,649573 II
14,905676 1,566193 -4,273589 2,748459 0,597945 VI
-17,893673 10,356168 5,010199 2,174167 0,627987 IV
4,808778 -2,278852 2,225587 2,639964 1,245415 IV
-13,164943 -19,250528 3,580800 4,930660 0,435852 IV
-9,902907 -2,652859 -4,370953 1,236994 1,060905 III
5,437083 17,305963 -3,475419 -3,309079 0,887758 VI
-4,415397 3,299911 -0,954742 3,582609 0,975885 IV
10,200584 -16,759179 -4,215316 2,421566 0,671380 II
18,180278 4,490234 -5,634768 3,752437 0,449485 V
-0,556272 -12,360250 2,415104 2,061790 1,815235 IV
-11,807921 13,178073 1,618929 1,408499 0,597470 V
-16,280464 -11,975658 4,496383 -2,845330 0,710986 IV
-13,750609 16,707000 2,613266 -3,164744 0,984708 II
6,151477 11,004785 2,911065 2,706911 1,316419 VII
-3,579081 19,059850 3,498426 2,348237 0,888063 III
8,240924 -0,725244 0,114598 -3,722541 0,806189 VII
6,674410 -11,261775 1,656061 1,764963 0,719581 V
-12,701386 -18,199112 -2,608249 -2,762693 1,432575 III
-15,075807 5,932471 -1,939753 -9,018308 0,217447 I
-6,195333 6,882005 1,343396 3,904981 0,539211 VII
-19,486389 -7,668731 4,988602 -4,146652 0,240367 VII
-0,513823 -0,829627 -0,816818 -3,343938 1,640778 IV
12,434384 -19,737179 -0,874966 -3,769120 1,269662 III
-17,392700 12,571863 1,753896 -6,925825 0,370805 V
14,772875 4,138103 2,052411 1,681493 1,998830 IV
19,595331 -12,400285 -19,587231 -12,902584 0,025080 V
-7,740863 -9,044793 2,494409 -1,298682 1,736511 IV
19,478501 -1,736294 -3,796452 2,787334 0,904345 V
-19,922706 17,881482 1,918168 1,143069 1,927745 VII
-8,256681 -9,488750 -2,316216 -2,783399 1,131823 VI
10,171456 -14,233330 -1,549645 -2,186489 1,969057 IV
9,129244 -1,159331 3,048622 3,912556 0,211737 I
-19,525404 -0,932916 -1,256763 -1,321976 1,537249 IV
12,816131 -11,487609 1,578829 -1,168599 0,663762 IV
-2,882059 6,806271 5,528565 2,966907 0,272935 V
2,237013 -5,138705 -4,837874 5,273706 0,382600 III
-18,051952 5,360125 -0,796070 1,262884 1,379300 VI
7,501085 -2,189770 2,057254 -2,468050 1,896606 II
7,543920 7,340781 3,723101 -2,269868 0,312322 I
18,495440 -3,817395 -0,425838 1,769782 1,764321 III
-9,834742 -0,799127 1,301361 4,941700 0,573632 VI
-19,931191 7,196858 1,482550 -1,848695 0,952311 II
-14,662949 10,494652 0,626578 -1,783843 1,069761 II
-16,278191 -14,410968 3,658643 1,804841 0,254531 II
5,182477 2,029017 0,953741 7,716533 0,270143 VI
8,692539 18,401838 -4,960125 4,806966 0,202740 II
6,407551 -10,354503 -5,355508 40,436453 0,012008 I
-1,706606 -17,699862 -0,880775 3,321001 1,659820 III
-6,218013 -2,991134 -1,746433 1,670614 1,854327 V
-17,731841 4,835779 -2,313715 1,723753 1,674986 IV
19,073933 -17,537545 -5,392276 4,484094 0,337061 VII
15,070971 -6,193046 1,528188 2,520714 1,828500 V
-15,514409 -3,127090 1,861443 2,305481 1,268611 VII
-1,526767 11,952990 -2,876951 -3,784558 0,910397 V
-11,964384 4,231616 3,397375 -1,872656 0,592281 V
-6,480196 6,901923 7,879917 -4,171542 0,050675 V
-4,184756 -17,655320 3,322247 0,668887 1,270709 IV
-16,390690 -2,286764 -2,640488 -3,308127 0,591763 IV
1,421371 -19,140574 -3,473207 2,802753 0,819768 IV
7,182581 -18,962865 16,138068 4,081660 0,057274 V
5,415835 15,832232 2,432438 -1,381070 1,683412 IV
0,874702 15,988359 -2,066307 -2,973481 1,452146 II
-3,749596 15,386338 1,310169 -1,462819 1,189886 VII
15,385613 -19,551824 3,677080 0,428183 1,340858 I
4,008936 0,689135 2,721983 3,236646 0,598475 V
-13,736231 19,131012 -2,802443 -0,492601 1,698755 VI
19,479838 -11,394983 2,172664 -1,859606 1,818746 III
-17,183000 -18,543724 -5,178408 3,731477 0,065599 IV
9,374140 -4,439818 -2,997344 1,426597 1,417326 IV
7,461123 -10,933248 -0,897853 2,964912 1,136842 III
-19,314155 -8,422010 -0,980930 -2,327155 1,526568 II
-14,079067 -7,893922 -1,651130 1,534740 1,863878 II
7,723931 -2,895283 -1,777795 3,179876 1,636314 I
19,559316 -17,919582 -3,457501 -1,253779 1,387568 I
-7,254276 -16,536017 -1,112770 0,913851 1,524422 V
-13,074794 3,913791 4,807026 -5,098934 0,282924 II
-10,186240 -7,758615 1,265140 -1,317119 1,722313 V
-10,375681 -0,945889 -1,326920 1,948979 1,759957 III
-3,222708 -13,356792 -2,927430 -4,828595 0,081266 V
-17,153191 6,426401 2,968035 2,031503 1,690351 II
14,174001 -17,646722 -2,779155 -4,147858 0,826397 IV
-11,820885 12,993522 1,968265 -2,647439 1,030736 I
-11,665308 16,650633 -2,171275 -1,586439 1,338730 III
14,970797 -7,878953 -0,959175 3,343153 0,927210 VII
3,341928 -19,875709 1,973161 1,853581 0,795431 II
-16,581770 -4,340210 -2,068107 1,986524 1,839250 III
-19,990508 14,348101 4,411835 3,998965 0,311432 I
-9,291157 -4,035340 -3,513144 -2,458253 0,562919 IV
7,059903 18,132525 2,639025 2,851076 0,737124 I
19,620210 6,168910 -2,551705 -2,207448 1,314094 VI
-17,638925 -10,677313 -0,120801 -1,351007 1,426870 VI
-14,242432 1,382390 2,073180 0,663112 1,258783 III
10,158072 -18,287677 3,169182 1,578007 1,212290 V
0,730559 -16,417096 -4,108449 2,632583 0,893305 I
-6,296429 7,122709 1,121399 -5,379241 0,496204 IV
-2,209870 -19,818659 3,172787 6,233048 0,339195 III
15,586537 9,102687 5,709358 0,667994 0,578338 III
18,637110 -11,313454 13,304593 -10,916285 0,069876 II
-11,469190 1,180610 -3,788918 -1,092177 0,949481 IV
11,898850 19,944580 -2,837883 -2,197423 1,466216 VI
-13,818483 19,953730 -0,710798 3,185969 1,891255 IV
-13,798936 -11,758140 -2,105871 -4,115344 0,448744 V
-13,450632 5,299910 -2,268030 4,674819 0,771592 III
-16,116899 7,567201 -3,381511 2,832542 0,967535 V
4,437196 -3,966049 -0,999670 2,105221 1,046936 VI
15,420019 7,714935 -36,597459 22,617865 0,011684 I
7,246839 -14,348148 1,366368 -1,775919 1,025649 III
-19,396864 5,738990 -11,257004 -15,468164 0,026820 VI
-17,546888 -14,468400 -0,690182 -2,902889 1,220483 III
1,617477 7,912930 -3,311709 1,115206 1,269906 V
-18,517054 -8,390413 2,802741 1,950441 1,666471 III
18,695006 9,220185 -2,020885 1,618441 0,643747 V
-16,465369 -3,081933 -8,145505 -9,910821 0,090287 VI
-8,073736 -4,335620 -6,035062 -8,464488 0,140562 I
13,344988 -3,827261 3,969326 7,106345 0,224186 III
5,196828 7,364929 -1,096794 -3,303781 1,249791 III
13,188212 -5,042064 -7,960656 1,761970 0,232145 IV
-11,391343 -3,629242 2,614461 3,447813 0,876075 IV
16,485718 3,586066 1,328034 1,913244 1,807316 I
-12,480248 16,633282 1,868862 -2,021489 1,276547 II
-15,048698 0,815794 -3,142979 -1,383781 1,163930 I
7,120465 19,100792 0,889014 0,895015 1,781251 I
3,597732 -5,341131 -2,883721 -1,149429 0,996813 II
7,787057 -13,277527 -3,338164 -2,905699 0,696339 V
16,775401 8,510768 1,953174 -2,487615 1,930605 I
9,153640 -17,607032 -2,232037 -0,633560 1,998908 V
-16,496081 17,072303 1,687755 6,398639 0,247139 I
8,568371 10,285266 -0,413443 -6,705295 0,472525 VI
-9,287973 8,816826 1,979994 2,066576 0,457536 V
-19,747890 1,773526 -0,728406 -3,909338 0,673047 VI
18,636311 -16,624313 2,101394 -0,916113 1,680501 V
-7,264608 -6,993790 -6,099027 -1,379798 0,512703 VI
8,139215 -16,696783 -8,457216 6,282639 0,168967 I
9,672819 18,474191 -20,621640 -4,122794 0,033485 II
19,781747 17,063319 2,324197 -2,726072 1,459875 II
11,702162 -16,468224 -4,691540 1,901657 0,369321 VI
-2,884377 -1,546674 3,595831 4,832425 0,285680 VI
6,596165 -14,543853 2,393031 2,212438 0,908659 I
9,165141 -8,752108 1,456845 -6,900117 0,429468 III
14,942609 18,654948 -2,976950 2,098628 1,524676 VII
-5,741220 14,542711 -6,060526 13,165005 0,077497 VI
-5,293854 -16,835607 -2,040176 -2,667154 1,840596 VI
9,231042 17,309148 2,541655 -1,126976 1,740377 I
2,995580 -6,807056 -3,800913 -1,328450 0,919132 IV
2,549323 -9,954394 3,165836 1,695005 1,469649 VII
-0,496813 -0,640101 1,348632 -0,796376 1,604515 VII
1,920943 -13,639090 -0,756157 -1,039732 1,539636 VI
-14,714175 -7,781459 3,628371 -3,653047 0,393044 V
-12,471210 4,651077 -2,543110 -2,877805 0,613729 V
17,545873 -10,522163 -0,315034 1,879082 1,189734 V
-15,484903 -4,334597 -0,452694 2,639348 0,859630 V
-6,843636 11,856703 3,064361 1,025655 1,412070 VI
9,063293 11,402779 1,861201 3,512699 0,984075 VI
0,681306 5,269902 1,695371 2,159279 1,278256 VI
8,702684 -1,399504 7,660363 3,138616 0,300568 IV
13,574569 4,686121 3,312719 1,905015 1,041321 VI
-3,347802 -3,148489 -2,793521 2,675290 1,463519 II
4,415388 1,890540 -11,028265 -27,368335 0,016229 V
-1,232454 2,718435 -1,476959 0,585596 1,007216 IV
16,783187 14,861930 1,500454 1,038028 1,778824 II
-10,611429 16,439012 -5,251855 -4,626290 0,394704 I
-19,419628 -17,829660 1,622590 -1,556311 1,774448 III
14,619882 -11,316928 -1,930259 -2,774998 1,789289 III
1,698716 3,055315 -2,741004 -2,124866 1,360442 II
6,297744 -6,007483 -1,986360 2,917243 1,327109 VII
6,295330 -17,499889 -1,755401 2,111232 1,507244 III
-15,971080 -13,114037 2,989459 2,541007 1,395844 III
11,344164 2,406258 -7,071136 4,181760 0,324030 VII
-8,107061 11,212887 -2,973610 3,013132 1,110312 VII
-12,777567 -4,598633 -4,481610 -1,435865 0,866009 III
-3,316104 -17,425194 -2,384984 -2,120406 1,055946 V
4,040840 9,044600 -1,504070 -0,878510 1,444158 II
-11,572398 6,106852 5,048619 2,127898 0,369893 V
19,708946 -9,336852 0,306757 -2,949130 1,068168 II
-17,757081 -12,686969 3,289196 1,072569 1,522766 III
-3,164715 15,454633 -5,097453 4,906051 0,405795 V
5,979659 -3,572369 2,257488 -2,222643 1,920074 VI
-7,615979 -19,838962 4,193606 1,960690 0,725584 V
-0,530407 16,941587 -5,255711 5,527336 0,369882 II
-4,371694 10,235137 -3,740600 1,073627 1,421244 II
15,320762 -16,076670 -2,265823 1,035712 1,495820 VII
7,900690 -10,723640 -2,604553 3,808604 0,991381 IV
6,986688 -9,225986 -1,950549 -1,957437 1,758170 VII
-1,815855 -14,960920 4,408482 6,205525 0,260228 II
0,633196 8,888042 -6,061326 5,478837 0,293369 III
15,185858 8,224800 -1,575567 1,287071 0,780120 III
-10,784297 11,405181 1,296880 1,155980 1,242829 II
-5,557716 -13,526525 4,106017 2,981445 0,401534 IV
-7,296766 15,153609 2,593022 -2,376708 1,710411 VI
-15,265543 -16,751974 -0,805049 -1,362143 1,150044 VII
-13,837267 -4,929595 5,168852 10,986938 0,135744 VI
-18,227258 -2,729510 3,156330 1,284339 1,270873 III
15,520545 12,764651 -3,054475 -1,710649 0,829212 IV
7,634132 -3,990335 -2,576853 3,036815 1,272046 VII
-1,675168 17,996452 -1,209498 2,358637 1,900902 II
13,830756 18,312693 7,870119 -3,188116 0,123662 II
-13,692515 -2,338211 -1,789442 -2,646564 0,939438 I
-15,058581 -9,592171 -11,974054 6,591941 0,102155 II
5,744187 10,229991 3,090663 2,505863 0,685210 VII
-10,867173 19,153240 1,472090 1,606422 1,052432 I
-11,817393 -5,770543 -2,381536 1,915948 1,988864 III
18,053277 -17,683356 3,164223 5,734797 0,468694 II
-5,195188 -18,657759 1,636050 4,479478 0,939898 VII
-8,691688 11,486269 -1,749860 -18,231647 0,054595 I
17,607705 -3,478253 -1,984373 -2,077585 1,884538 III
-5,143943 -19,761542 -1,521352 0,166964 1,691871 III
16,765761 15,097731 -5,420992 -9,890643 0,171549 III
14,246936 -17,348724 4,648013 0,798361 0,863352 IV
-6,781086 -11,640950 3,281561 -4,314984 0,536289 VII
6,205114 -0,314101 1,074874 -1,358860 1,766137 III
-1,293376 -13,745778 -0,989135 -1,034098 1,228842 VI
10,372660 12,051347 2,710651 -3,962087 0,408848 III
-8,189464 -9,554596 10,542470 12,759858 0,066678 III
-19,206967 3,832067 -1,598134 1,695949 1,621074 VII
5,090693 12,612737 29,823351 -14,813504 0,012282 IV
16,063644 16,553035 -2,478284 3,409001 0,536343 V
1,172408 1,136130 8,061669 12,906287 0,080635 IV
16,893103 -0,990388 2,275918 -1,643897 1,733274 III
-17,787469 12,446132 -1,974104 0,522397 1,443369 IV
-12,310484 -8,440544 5,698031 5,457420 0,235359 V
8,401364 -0,237306 -1,256943 3,197298 0,941190 V
10,634163 -15,567281 -5,213335 5,037315 0,364445 VI
13,649956 14,355610 2,958076 -2,906689 0,756181 III
-0,159942 -3,673691 -1,577246 -6,310178 0,496820 I
-16,796749 -17,860651 -7,996709 -12,023214 0,062709 III
12,848940 -1,071131 -2,205991 -2,578715 1,791217 VII
-4,025300 -0,458794 1,083419 -2,135919 0,778104 IV
-13,325196 15,875087 3,182634 0,713322 1,061863 IV
-4,869665 1,039893 3,785813 0,494317 1,319476 IV
-18,803478 -4,857479 2,818222 1,864688 1,211827 VI
12,983058 1,974486 1,614801 8,175560 0,202733 V
10,184482 8,815960 -4,857818 -3,321646 0,379924 IV
-9,455515 13,212007 4,480756 3,505456 0,082565 III
-18,230781 16,214502 -0,788810 -2,822992 1,602458 II
9,243866 -2,084942 2,300972 -1,650532 1,690801 IV
-16,266786 -1,145549 -4,374773 11,741152 0,127702 IV
17,628077 -18,779558 0,679795 5,480072 0,680739 II
-18,340669 -2,684185 -2,108705 -2,635563 1,728968 IV
-14,680812 17,723214 4,898149 2,885558 0,340737 V
-11,878755 13,586530 4,410668 -1,356984 0,866464 V
10,673055 -9,045025 -1,701901 -4,058103 1,015201 VI
17,349906 17,951377 -3,364326 -1,974753 1,267828 II
-11,400531 17,705773 -2,665610 -7,106333 0,366002 IV
11,150965 -16,406419 -2,247204 -2,234244 1,121951 I
-5,975879 -10,304071 1,677580 4,195897 0,770351 VII
8,238138 16,050594 1,611859 -2,282277 1,984737 VII
0,378232 3,088635 -0,256177 1,152214 1,905059 VI
9,185845 -9,990619 1,756906 4,665605 0,772481 VI
13,333100 3,530209 3,961686 6,083682 0,363275 VII
3,463113 -7,740394 2,148620 -1,015007 1,630252 VI
10,265596 -7,572227 -4,430967 4,177046 0,142740 VII
12,182683 -0,619465 6,634873 -7,041131 0,176836 VII
17,541094 -0,200279 -4,180468 0,296304 1,099363 II
-17,399267 -6,470658 1,513730 6,879402 0,331290 I
17,897215 12,431002 22,395672 10,143602 0,034565 II
-3,825975 17,659122 -3,033162 -4,625616 0,654257 III
11,182979 -6,322209 -1,436149 -2,814998 1,562244 III
10,975377 -4,375890 2,659638 1,629686 1,901265 VII
-16,439166 -9,064604 -2,519277 -2,058439 1,853867 VI
16,737278 -16,007075 -1,967137 1,322837 0,510909 VII
14,968089 -3,663186 3,326147 -1,952246 1,400657 I
14,816750 -2,703354 0,539324 2,967341 1,101841 IV
-0,239446 10,276160 0,905698 3,477233 1,649765 II
-4,258860 -13,925779 7,249149 -7,068498 0,135090 II
19,356555 -0,298173 -3,365502 -1,307555 1,022664 V
-3,200477 -4,301370 -3,015266 -1,281012 1,799354 II
16,260015 -5,401402 5,794974 -1,123459 0,555057 I
-14,930230 9,650330 2,478883 2,116008 1,974461 VII
-4,829304 2,091563 -1,566143 2,429026 1,604848 VI
8,313890 16,853534 3,464815 0,609689 1,255932 III
16,852810 -5,935239 -1,084752 1,486886 1,515426 I
17,628136 3,806290 3,692667 -4,794724 0,405090 III
-1,758861 5,714074 3,067955 1,246379 1,990580 IV
-3,552884 16,787428 -5,468791 5,025081 0,088039 I
6,326878 -8,845150 -3,156691 -1,049993 1,864697 IV
-1,788748 -16,970002 -4,038451 2,673988 0,149910 III
-2,618398 6,037444 -1,274108 -3,111877 1,335103 V
-1,253583 -18,353951 -3,222831 2,553126 0,966416 I
-10,871327 -1,988977 -1,363568 0,781847 1,958624 II
7,669302 4,777215 -2,894512 -1,891207 0,786292 V
-10,555968 -11,182737 -2,046417 1,907886 1,184403 II
-17,665091 -16,249145 5,137605 -3,734091 0,522661 II
8,570633 6,517496 -0,217227 2,906847 1,563062 I
-14,051644 -16,816137 -7,380203 -2,423090 0,169178 IV
2,702040 4,779874 -2,710358 1,927667 1,871467 III
-7,330262 -4,085098 -3,201275 2,453527 1,141079 III
-9,055405 -19,278279 -3,205805 1,532716 0,365494 III
6,220308 -2,145424 3,849375 -7,923971 0,261409 VI
1,029926 17,125230 0,416746 2,710878 1,986447 V
7,744892 -16,877082 2,330567 3,157345 1,068355 VII
14,357363 13,232113 -2,893367 1,748333 1,139395 VI
-13,708489 16,483178 2,993477 -2,255906 1,338567 II
-16,987039 15,507716 -3,670114 -0,997814 0,962671 IV
-18,415941 -9,412834 1,103382 -3,603728 0,739090 IV
0,180972 8,381601 2,097779 5,120602 0,187984 VI
1,714923 18,099100 -4,498210 0,399449 0,757046 VI
10,197204 -2,784238 -2,131192 -6,456869 0,330925 I
13,173074 5,684836 -4,498035 2,249632 0,372540 III
-15,668829 6,555740 3,312901 1,049177 1,669867 V
-5,726586 -6,096222 1,150280 2,204100 1,757833 II
-16,398356 8,555787 2,776892 -0,546968 1,940938 VII
-8,707263 1,485870 -1,539849 -4,262606 0,930068 III
15,817363 16,964530 -2,156577 -1,636454 1,977142 IV
-19,385680 3,247300 1,537854 -2,217900 1,893544 II
-10,427459 -18,406649 -3,138706 3,231101 0,510231 IV
-19,067643 -8,668034 0,188647 -1,847320 1,029732 IV
6,150506 19,948112 -1,359899 -2,860484 1,833024 I
-2,846848 7,633316 -1,876076 -3,113263 0,285469 V
3,198522 7,010413 -1,968925 -3,207564 0,177155 VI
7,649256 -8,208400 -2,926420 2,166112 1,624706 III
-5,020148 -18,253234 9,149945 -13,764631 0,054903 VI
-17,928545 12,977434 0,920893 2,234920 1,626635 VI
17,800298 -1,828611 2,018079 -3,399184 1,020756 IV
5,587690 -12,383617 2,724657 1,038672 0,677714 V
-3,389146 10,746890 1,950086 -1,477755 1,550577 IV
-7,179403 2,094514 -2,030921 -1,993991 1,089185 II
18,671364 14,136187 1,961921 -1,540614 1,709033 III
10,097516 -3,105536 -0,778841 1,728848 0,673883 II
13,800957 9,228770 -5,287349 -5,201194 0,248624 IV
17,902965 -13,520078 -1,586219 -3,229892 1,625537 V
16,121504 -1,964770 3,283953 0,801847 1,242899 VII
-0,782093 -12,818647 17,719269 16,630158 0,017586 III
-16,957170 -13,865822 -1,994404 2,931231 1,537623 I
4,286183 -2,745322 2,603885 1,442398 1,517271 I
7,926025 9,168688 0,926697 3,361897 1,339437 IV
-4,181822 -19,559451 18,129549 -22,056186 0,019115 I
15,936655 8,892900 -1,215122 12,363975 0,070302 V
8,069722 -18,803085 6,367732 11,743578 0,032822 IV
8,148225 -4,865007 -1,676609 2,827101 1,965512 V
3,476016 17,108685 1,867418 -3,521536 1,209679 VI
15,857200 -6,509756 -7,209350 -2,147515 0,263561 VI
-3,072381 16,523787 2,297616 -1,747701 1,739362 VI
-14,903585 13,047750 -3,099361 1,505728 1,367432 IV
-11,030232 19,000369 -3,557448 1,401801 1,475017 II
-2,747977 -15,328910 4,713210 1,349533 0,812693 V
11,225071 -17,681849 -2,683512 0,408192 1,885651 IV
-1,668493 3,789899 1,965215 4,962704 0,460101 III
-16,859996 15,243989 -2,421876 3,532196 1,141499 VII
-2,125168 13,768873 -2,038156 2,446756 0,908038 IV
10,393247 -6,981817 2,464767 2,130145 1,450800 IV
6,831677 -14,763693 -2,908667 -1,748998 1,231365 IV
13,570931 12,979128 -2,765140 -1,970094 1,854909 III
19,946755 8,337954 -2,730752 2,323784 1,690815 VII
-2,694627 3,695977 1,757281 2,714669 1,913488 V
7,563320 -13,092292 1,542112 -2,873842 0,868149 I
6,746245 -1,001102 2,913181 3,287333 1,053563 V
12,359002 -16,369672 -1,698665 1,904490 1,387426 VII
-4,754320 -18,111611 -6,570379 -4,732530 0,204808 III
-8,863361 8,927666 2,342816 1,519913 1,186394 III
10,759619 9,933976 1,590449 -1,097281 1,369070 V
-17,723203 0,726576 -2,543650 -2,177675 0,272695 I
9,664462 -3,692050 -4,446071 -4,024573 0,303782 II
14,219068 14,408300 -4,103409 2,062546 0,884180 II
15,356322 -5,701101 -10,014299 -3,139095 0,189646 IV
-1,026725 4,500026 -6,070464 -0,507932 0,405885 I
-9,134359 -11,743931 -2,405207 6,074098 0,329651 VI
5,318577 4,243691 -1,246849 -3,735814 1,333730 I
3,435140 -15,756666 -2,585898 -3,177271 0,538025 V
-16,892190 3,695520 -2,410259 1,646940 1,590979 I
-18,708243 12,766320 -3,609021 1,569703 1,381332 III
-11,868102 0,382631 -4,036370 2,620099 0,690855 VII
15,611104 -0,445427 2,662916 0,915020 1,354182 IV
-18,824139 8,141571 1,015544 -0,913857 1,520471 I
-15,794330 -4,504875 5,894334 2,439100 0,478601 V
10,778903 -19,059306 2,575564 7,419926 0,249289 II
-7,771052 -2,057767 -0,996477 3,483097 1,596993 V
15,538229 -0,301226 1,552284 0,852356 1,724357 VI
-1,033088 -3,821034 1,074397 2,157191 1,867042 VI
3,242829 2,617103 3,239999 2,508894 0,256309 VI
6,458090 16,601562 2,109251 -2,269013 1,496327 III
-0,017036 -1,008526 1,189913 -1,173167 1,094149 VII
-12,007218 1,383449 0,210285 1,226708 1,886743 V
-12,351105 6,793935 -1,130516 -3,034086 1,034975 I
-1,217470 1,672210 -1,709811 -2,964218 1,380910 III
14,134249 18,295258 -1,063228 -2,071926 1,837233 II
6,957984 7,142904 -2,082718 -2,765324 1,182814 II
5,315209 -19,041059 1,190988 2,416800 1,829693 VII
12,292050 3,738849 -0,995137 -1,270140 1,363224 III
18,332672 -10,651071 -4,372868 1,780322 0,617139 I
6,254356 -13,961080 3,408363 -0,751199 1,144803 VI
-15,485843 8,697740 1,983209 1,506735 1,542737 VI
4,117678 16,683201 -2,277771 2,451744 1,437067 IV
16,227585 2,743395 1,838936 -2,451372 1,685720 IV
-12,622202 4,801239 1,069600 -3,022105 1,940793 V
0,202711 -13,043409 -3,680972 -1,156628 1,005172 III
13,422312 -15,233493 5,187021 -1,384943 0,336759 VII
-6,807695 -3,489968 -0,793061 3,159101 1,771855 III
-2,169170 10,489794 -3,378448 1,223629 1,514756 II
4,622655 -3,091901 14,347555 -5,286512 0,094003 VII
-6,223395 4,167847 1,779770 -1,282739 0,996015 IV
-6,583064 14,285855 -3,064268 -2,166135 0,665771 I
-15,450707 -15,533786 -2,761018 -2,085975 1,712842 VI
-15,391773 16,736470 1,931253 -1,840641 1,249241 III
4,009004 9,374412 0,997065 -3,062974 0,932745 IV
7,933256 -3,881633 2,224697 -4,236913 0,864961 III
4,528998 13,902862 -11,191835 4,195574 0,069670 III
-5,448528 18,053744 3,555920 -0,240644 1,636466 VII
-13,798478 11,683558 0,866778 -1,763311 0,648309 V
15,281727 -16,319956 -2,216442 2,592885 1,132382 VII
4,969892 -6,252036 -3,225275 1,786765 1,415955 VI
16,511667 2,020264 0,856457 -3,488285 0,734680 III
12,689297 -1,313486 5,997617 8,544268 0,051115 VI
1,210414 -14,343378 -2,861929 -1,436549 1,071415 VI
8,252777 15,433012 1,118052 -1,629355 1,068625 V
12,559138 9,029916 10,140476 11,178558 0,044662 VI
10,654359 -11,638358 -0,847556 -1,914891 1,123567 II
-9,517966 12,767955 4,195458 -1,850918 0,634559 IV
-3,669828 -14,129130 1,154714 3,194072 1,633267 VI
-1,491528 -9,786214 -1,868568 4,607007 0,849571 I
-18,060191 4,066028 2,137218 1,192661 1,805386 I
-11,143264 -15,412742 -2,418678 -0,351232 0,800419 III
-8,654531 8,441491 0,794800 -2,023536 1,050942 IV
17,452496 5,968148 3,597390 1,467036 1,430139 VII
13,038016 9,616790 4,650594 -5,277229 0,387979 II
-9,077410 -5,431585 2,178378 1,811275 0,500794 VI
18,500034 -0,492425 -3,320280 -1,638380 1,192359 I
-18,644506 -14,920136 2,875875 -2,370336 1,417349 IV
5,501072 -18,952796 -1,049261 -0,619482 1,993038 VII
-12,978595 -8,629207 -3,206656 -2,392023 1,318169 IV
2,424206 5,283863 1,888783 -2,187946 1,656678 III
10,543574 -10,069215 -2,695216 4,816337 0,628970 V
11,327642 -15,119750 -0,801123 4,197398 0,591877 VII
-3,197743 -17,884406 2,660838 -3,145135 0,791370 II
15,512564 -16,977073 1,880114 0,283041 0,694180 VI
-0,804361 -15,297926 2,524346 3,223702 0,976674 II
-15,453364 2,120517 1,828446 -2,422680 1,152494 VII
6,134922 -5,235883 -2,592553 -1,213572 1,765749 II
-12,538081 10,265739 -3,674073 2,039992 1,044540 VII
15,686458 8,340485 1,072490 -1,676328 1,386174 VII
-2,709109 14,966058 -0,308678 -2,274867 1,856180 II
-11,568686 -16,768067 0,881575 2,054824 0,878377 II
-14,621329 8,775436 -3,041211 3,880523 0,645648 II
-7,653930 3,752406 2,647903 -5,037163 0,643520 IV
-17,351737 -0,778263 4,554329 -3,460158 0,338413 VII
-6,958193 -5,630809 0,389096 -2,787498 1,759283 III
-7,530874 10,836449 -1,935733 0,909366 0,694031 II
-2,488076 -5,712406 -6,894869 -3,454162 0,149070 VI
14,960025 -12,307927 2,103115 -5,414548 0,426222 VII
10,669203 -6,729318 -1,927148 -3,078659 1,594212 II
-8,483086 2,200798 -1,267930 -1,303291 0,955109 II
14,683723 12,988230 -3,493162 0,963900 1,063173 VII
18,307662 15,855748 1,799796 -3,406833 0,954291 III
-7,868372 10,203456 2,534869 1,459532 1,666511 I
-2,682931 2,864047 -11,144636 -1,970675 0,155086 V
6,302313 15,065735 2,390756 -3,690881 0,525655 III
15,534491 -3,713278 -5,656307 -8,140991 0,157276 II
-15,700633 -0,258018 4,807032 -7,376345 0,279187 VII
-10,199043 5,236627 3,059767 0,594362 1,495352 VII
-4,281356 -18,199163 2,055398 2,237675 0,990729 II
6,406995 1,029296 -6,485374 2,259376 0,278473 VII
-6,737406 12,654084 -2,843667 0,972073 1,238628 III
-16,007907 2,123573 -3,455748 6,522360 0,268670 II
1,937498 1,766885 3,262525 1,057952 1,781231 I
-12,770943 5,398538 -1,077806 4,689907 0,478175 V
-7,757740 -14,837987 3,382477 1,982118 1,410039 IV
19,318285 -16,235750 0,514993 -3,353507 1,596436 II
0,106908 -16,498586 -2,031275 -0,243909 0,988565 V
-13,504484 -2,417749 3,738835 3,945122 0,322122 VII
-5,116673 -14,690874 0,619997 2,608500 1,575419 VI
-15,400619 13,320248 -3,524885 -3,101143 0,951739 IV
-11,854256 -1,547533 1,361586 -1,332166 1,476026 III
-4,379192 16,835972 -4,177564 -2,488828 0,626423 VII
-11,267249 -14,812870 -0,984478 2,367738 1,524871 VI
4,997340 -14,163059 -2,937622 -0,942097 1,670704 III
-2,811248 9,201184 -3,971963 -4,411471 0,598259 II
14,190867 -2,992377 2,656711 -1,426744 1,482942 IV
-16,465482 -8,042882 -5,949857 -3,009664 0,335195 V
-6,319832 -8,022587 -1,617715 2,502930 1,480366 III
-6,055784 2,878078 2,976278 1,850108 1,696772 VII
-7,265711 15,097036 -3,596783 4,601864 0,599093 IV
-19,333490 -1,404954 2,258026 3,350862 0,207731 VII
-11,784102 2,559351 4,633332 -3,396001 0,571048 VII
16,803186 1,973895 -0,803735 3,548444 1,442158 V
11,912047 -8,426299 -1,699993 -2,563524 1,957405 IV
9,167364 17,468290 1,382102 -0,526549 1,951230 VI
0,268858 6,646165 1,139690 -2,659561 1,722918 V
-12,257975 1,264784 -1,627752 -1,982983 1,588510 II
18,523034 18,334756 -3,529279 -5,034168 0,517934 III
-8,415822 6,662266 -2,405216 4,544393 0,695723 IV
-16,785497 -18,734730 -1,127817 -4,740693 0,570205 III
10,780593 9,518943 -1,132993 2,872882 1,418878 II
-15,203458 12,468921 1,364573 0,741202 1,435279 III
10,371225 -6,869724 1,390533 2,292625 0,464220 VII
11,971480 -3,325801 -2,368032 -2,899377 1,161533 II
-5,182196 -15,176782 0,947013 1,502321 1,224329 I
-2,539965 -3,013377 1,813978 -2,655192 1,281651 V
12,156547 19,820688 5,759821 -2,437340 0,524724 III
-6,818980 -1,229765 3,621354 3,318939 0,869633 IV
-8,324277 -15,221221 -2,614578 -1,965552 1,974102 I
-15,543228 -15,381057 2,463530 -2,193419 1,899286 VI
-17,428313 -8,511686 1,714843 -1,858189 1,745425 II
11,675706 19,281352 -3,143309 -3,273467 0,883694 II
7,084858 12,830748 2,477284 3,218549 1,197948 VI
1,199979 -5,660394 2,016701 -1,788502 1,257283 VI
-8,283107 -12,195919 3,451733 -4,748380 0,272533 I
4,312089 -1,173413 2,218844 0,259240 1,912656 II
16,176250 -2,520618 5,699319 0,523314 0,588864 IV
1,741808 15,239985 0,831561 1,005250 1,542312 IV
-6,117229 2,122173 1,347791 0,559998 1,515690 VI
7,515602 19,080148 -2,807059 -2,556120 1,428879 V
1,424603 -4,988128 0,817384 3,294675 1,594609 VII
-6,629264 10,366932 4,348570 -0,078232 1,027135 III
8,125900 10,907916 1,449146 -1,257890 0,853712 VI
-12,506375 -4,388767 -3,575057 3,400517 0,248825 I
-11,341337 6,041045 -4,442727 2,558581 0,696408 V
9,951871 -14,800337 18,687493 1,902285 0,061617 IV
0,528989 -2,338564 0,277678 -2,977657 1,513928 V
14,721701 -11,027317 6,165844 -3,623862 0,379565 IV
-1,986138 -12,048488 2,083624 1,164895 1,723249 III
-2,174326 1,685391 -1,725926 1,668441 1,608222 VI
5,742738 9,817893 -3,437162 -5,677659 0,418098 VII
1,191538 -6,979397 -0,539914 -2,828003 1,179104 IV
-11,804197 -6,278115 2,892834 -0,889641 1,552966 IV
11,581189 -14,380167 -0,561613 -4,644138 0,872204 II
12,870146 -16,355907 -0,964558 0,802099 1,545298 I
0,253970 5,727028 -1,256334 -3,328362 1,594212 IV
13,765342 8,681607 -0,542463 -3,032812 1,930240 II
-7,507231 -11,112317 -1,253664 -4,115011 0,215378 I
6,925448 -4,241191 -2,148260 -2,710274 0,739732 VI
11,386183 8,528790 -1,479494 4,194669 0,556571 I
-19,913957 10,290939 -2,211982 -4,077651 0,999966 V
-1,582751 16,759191 0,888262 -4,326139 0,539119 V
-19,136317 -12,805070 0,657977 -2,018215 1,236640 VII
-13,507403 -7,326781 3,614449 -1,565215 1,219525 V
15,564229 -1,784523 2,508624 1,901647 1,141207 II
-11,504885 -10,626177 1,594870 -1,291468 1,001763 I
17,217524 -19,581151 -1,332305 -1,626939 0,949863 I
-13,617043 -13,008113 1,230825 -2,276402 1,394261 II
5,168323 3,388296 -2,016792 1,544481 1,452739 II
-2,651480 13,308557 -2,496467 -1,815701 0,988221 V
1,679840 19,890809 0,829849 1,262673 1,523839 VI
5,997351 11,125609 -1,629369 -0,648686 1,989501 IV
12,954087 16,041881 1,908933 -1,213961 1,087090 II
-16,803096 3,360630 -2,897722 -1,288148 1,970849 I
-11,970382 -1,220799 -2,125079 -2,633760 1,626228 VI
-19,837393 -17,077569 -5,982840 1,728094 0,418261 V
-5,515578 -9,832325 3,474619 1,551345 1,508825 III
-3,024533 4,815295 -2,092102 -1,752776 1,279261 I
-5,317517 -2,502992 -3,706043 1,125627 1,329062 III
-15,102152 -8,903015 -2,952044 -2,481202 0,718595 VI
-11,735513 -6,417866 2,351755 2,257712 0,862259 I
0,648240 17,960618 3,837616 -0,991251 1,301238 VII
18,101252 19,901052 2,481204 -1,572890 1,520263 II
-15,114003 -17,757439 -2,734494 -1,462679 1,920771 I
-1,467590 9,983475 -2,793012 3,875657 0,838509 I
8,151931 18,888693 0,809634 -3,238917 1,657214 IV
14,453575 8,977170 1,852844 -4,274819 0,981545 IV
3,427347 3,920425 7,335645 0,607809 0,197283 IV
-4,198906 -8,165868 -0,869496 -3,969932 0,921723 II
16,961318 3,929508 -4,040442 -3,448415 0,553765 V
-7,400519 15,439251 -1,077658 0,834606 1,838301 I
-12,427222 -13,180568 -1,221230 4,600435 0,937512 VII
0,644347 -18,082789 3,373873 1,245234 1,268402 I
18,081556 18,816163 0,590628 2,322474 1,624314 III
-18,591394 -3,506679 0,525344 -1,147610 1,603395 IV
3,266808 -13,593911 -1,424260 -0,278695 1,590137 VII
-10,548530 -11,653357 2,100136 2,358037 1,938539 II
16,114320 14,725715 2,776772 -1,193572 1,813649 IV
11,368919 -16,482960 1,645690 -3,082432 0,334864 I
16,640221 -13,746186 2,166299 1,238289 1,430855 II
-16,827361 9,932294 -1,822602 1,645264 1,834072 III
-10,176067 -16,980294 -2,856041 0,808482 1,725556 I
16,065200 17,627824 -2,014840 1,909006 0,465479 VII
10,248051 8,153720 1,564666 -0,684933 1,921685 I
-18,446751 15,332110 -1,085622 5,794909 0,451510 I
14,552480 -0,876606 1,376794 2,183268 0,929155 II
-4,273545 -4,521320 -5,465730 1,144857 0,490046 VII
5,383652 -19,193368 0,858151 -2,158527 1,734890 III
-5,683427 -7,815846 -3,001380 1,848322 0,878376 II
19,885391 1,988569 -9,909982 -4,043922 0,171880 VI
-6,550912 -2,331400 3,599157 -0,760067 1,485093 VII
-14,391689 -17,636959 -2,290574 1,294485 0,655199 VII
-3,247236 4,720136 8,978666 -14,720756 0,055522 III
11,942895 -16,008052 2,582357 -2,373826 1,101001 VII
8,357398 -14,814458 2,545696 -3,208313 0,931065 VI
-11,268782 -14,207178 -1,727991 5,178961 0,617211 VI
-6,985210 -19,689934 -7,064380 -4,297763 0,316958 II
-0,428459 14,831161 -5,518144 5,775985 0,243748 I
4,537038 7,835030 0,634592 3,301411 0,405128 II
-13,256629 4,337323 2,104920 0,961709 0,703212 V
11,986270 -10,135073 -3,601142 -2,879202 1,027403 IV
-6,613982 4,715456 -2,269170 -2,886422 0,679414 II
-1,303004 -7,118952 2,239256 -3,023738 1,441654 V
-11,390412 -1,793306 -1,454536 -2,316143 1,331031 V
-1,922204 2,671891 2,003122 2,571085 0,524882 V
12,349435 -16,035204 1,991233 -9,458722 0,233053 II
-5,649941 11,577749 6,012759 -2,396288 0,477850 IV
-3,029530 -14,248920 -2,178315 1,339434 1,470324 I
-1,012371 -19,748001 4,221619 -4,373984 0,395727 I
-6,082256 8,030226 -3,900635 -0,315514 0,871024 IV
4,606415 8,803073 -1,996687 2,446902 1,582422 VI
5,403130 -2,876279 1,070649 1,728188 0,920956 I
9,299847 3,876333 5,533146 4,248733 0,065512 VI
-7,447115 -19,893717 3,349297 1,860038 0,374016 IV
12,213835 -14,621604 -1,327645 1,728647 1,898235 V
-15,848397 11,627917 2,634093 2,154444 1,381880 VI
7,758631 -12,347010 -4,469217 2,453224 0,634069 VII
-7,232704 16,144600 -1,249962 2,650931 1,513951 IV
-8,130813 -19,747736 -2,786154 2,010240 1,728495 III
16,137994 8,278786 -2,254990 -1,830744 1,955017 VII
12,861929 -14,472595 3,122558 -3,993163 0,344452 VII
8,661736 -11,550844 -1,371604 2,773646 0,399024 III
-16,829804 8,025379 -10,119699 5,821791 0,067966 I
-1,789321 0,713721 -1,932205 -1,851344 0,556473 II
-16,032507 9,186892 2,819200 2,905698 1,303653 VII
-3,923454 -8,630430 2,876483 1,057368 0,583372 III
10,456006 -9,969886 -9,732467 11,445446 0,066139 V
-5,291165 3,939199 4,025182 1,092118 1,139897 I
-3,630334 12,557087 -1,709759 -3,339357 1,374134 III
8,982162 -19,783844 1,097380 2,650003 1,619445 III
-0,562625 -17,089387 3,467899 0,878298 1,636525 I
8,169835 -2,263057 3,073569 5,337283 0,517494 II
-2,816424 -11,671470 2,469848 -2,159037 1,859628 IV
-16,934203 2,262412 1,434969 3,909763 0,616740 VI
-10,978401 9,483075 2,281920 2,669771 0,760321 VI
-15,122468 18,852652 -1,155308 -2,500398 1,330343 VI
11,807943 14,149563 6,376895 -8,969439 0,074851 III
15,885017 -9,977473 -2,791137 1,250091 1,007719 III
16,728781 4,280218 2,737386 -3,431007 0,982753 II
-7,635187 -8,913812 -0,610831 -1,758814 1,224429 II
18,104840 5,633659 0,915839 -2,885868 1,693651 III
-5,383201 6,853010 0,994014 -3,162919 0,877934 II
-3,309422 15,204882 0,908259 -3,273896 1,769455 VII
-13,976839 -9,216702 3,230502 2,036624 1,040386 VII
19,134451 -13,738954 3,827847 1,925264 0,527428 III
-14,341678 -4,634734 -4,972145 11,677298 0,085967 VII
16,188070 -3,470277 -2,556549 2,054225 1,043071 IV
-7,559620 -2,179790 -1,190788 -1,511694 1,654266 III
18,706340 -5,429865 -2,021155 -6,414742 0,362383 V
18,346025 4,012932 1,718708 2,191537 1,867742 I
-9,476257 16,484455 1,547532 3,387939 1,504614 V
-2,350344 -15,569642 -0,551263 -3,412425 1,340959 VI
18,453848 -17,072271 -1,299431 -2,221486 1,699476 VI
-1,813468 -8,251558 -4,818528 7,566023 0,238751 I
-18,441562 9,078942 -1,603967 5,443612 0,506249 IV
-19,965554 8,493329 5,309288 -1,105968 0,726653 III
-16,525318 2,442010 16,806473 3,263151 0,018903 I
-9,485691 3,978722 3,521226 3,123273 0,848835 I
16,640035 -0,699323 -1,282839 -1,397788 1,513724 VII
5,065077 13,675527 -4,763084 4,720487 0,361019 II
-9,828664 12,038124 -0,811525 3,680926 0,950429 V
-12,757546 -3,846340 -3,050096 -1,339905 1,220804 I
-0,602193 -5,296356 -3,109032 -1,752158 1,200461 VI
14,035193 -1,073363 8,945741 -9,098246 0,132856 I
12,476897 -7,055412 1,401044 -3,520822 0,683785 IV
-17,496563 1,749696 3,754682 -2,735545 0,887843 IV
-18,772484 2,457009 2,822796 1,528347 1,392718 VII
-4,115456 19,346413 3,364714 -1,009781 1,322156 I
-17,085185 15,116423 -1,706154 -0,372153 1,579650 V
14,392754 -3,857492 2,756061 -0,877799 1,980704 II
-5,505464 -2,250481 -5,008812 1,065040 0,770755 VII
18,464308 -0,415621 1,901222 -1,225839 1,835580 VII
10,834317 6,669940 2,345705 1,888863 1,714036 VI
-1,101865 -17,354461 2,693445 -1,721078 0,904573 VII
7,755786 8,644740 -2,524166 -2,804671 0,779730 II
17,574122 -5,756460 -2,941580 -0,293324 0,581297 II
-19,674481 17,738510 0,954630 -1,071598 1,907450 VII
-11,071674 8,766977 -4,104527 2,545469 0,635469 VI
-16,842961 -4,674130 -1,000012 3,495491 1,583987 IV
13,538283 17,125382 2,196419 -2,630608 0,918993 V
11,577486 15,804403 1,692263 1,372372 1,954720 II
-18,130727 -4,926213 1,462811 0,869803 1,995932 V
-16,460221 -16,151479 3,014136 1,764065 1,550066 VI
2,233060 -11,052167 -1,991549 0,875060 1,158709 VII
-9,727628 -11,112866 1,291921 1,581466 1,462301 II
8,204389 -8,091461 1,984053 4,035180 0,458925 II
-19,436695 13,459612 -2,715693 1,199956 1,269817 V
15,110018 -13,209918 -1,947642 2,524984 1,810812 VII
1,228865 7,889671 2,857472 5,136252 0,310594 VII
11,263939 -12,578821 0,960653 -1,843122 1,139804 VII
14,186275 -16,243125 1,422168 -2,046139 1,479085 V
-19,418869 -5,850644 -4,885140 11,215661 0,096374 IV
-3,254252 11,954886 1,137720 -1,623772 1,414859 II
8,260836 17,473480 0,372183 -4,118518 0,238924 I
1,608135 19,281664 6,469759 -2,325688 0,311607 V
-0,427597 -10,399998 0,786709 2,685213 1,300422 I
-9,766427 -8,441967 3,367024 -2,607512 0,591293 III
-14,597913 -14,626279 1,243405 3,813607 1,229156 IV
12,014144 -7,470094 -1,925264 2,517347 1,116205 III
-14,023030 -5,305506 -0,389381 3,633278 1,564019 II
5,529739 -3,367394 1,789137 -4,208912 1,018915 VI
0,894713 -12,507680 3,783703 2,329152 0,766604 IV
16,316867 -5,582922 1,481061 -4,197605 0,704657 I
-13,069747 -19,478181 0,442505 3,483548 0,901711 II
-15,285064 -3,294788 0,823922 -4,548278 0,979553 VI
3,261969 -15,281276 5,876729 -7,155040 0,156171 III
13,610623 -1,800385 1,105306 -0,658372 1,710405 IV
6,512883 -2,427118 1,327913 0,878601 1,058658 II
12,213592 -13,412984 4,798941 -0,746215 0,652025 I
12,328545 2,503360 -1,767964 -3,122507 1,152015 VI
8,490786 -1,539161 -1,998235 2,048020 0,623754 I
-12,114448 2,551366 -4,842981 -7,984203 0,238838 III
2,166111 5,889130 3,717253 2,584030 1,065311 V
6,410456 -5,739885 5,933899 5,381908 0,246996 II
-6,220629 -4,843226 4,829729 6,693106 0,320280 VII
3,945307 -19,246137 2,778941 -0,576622 1,732267 VI
-6,633962 -12,356096 2,466120 1,792263 1,631387 VI
-10,539670 -5,668762 -2,451599 -1,867363 1,022150 VII
-16,310727 16,851506 1,809125 2,137633 1,671101 I
-7,099930 13,876251 -0,714688 2,667305 1,223921 I
-13,819025 6,496660 -1,838605 2,476692 1,931870 V
-3,729418 12,330202 1,864828 -3,635778 0,541585 III
2,010702 -17,100611 2,343217 -1,468216 1,765900 I
9,739391 -6,618386 2,152511 -2,129273 1,529680 II
-1,059077 -18,203791 6,423215 -8,809666 0,182822 V
-19,835134 17,046026 3,728015 -3,663954 0,353164 I
-11,140590 4,543795 3,028879 -3,103277 0,601379 VI
-13,435380 -8,337827 -2,209570 -0,783849 1,992211 III
10,282160 2,284634 1,589267 -2,434116 1,198713 III
3,160904 2,170546 1,992123 -2,908425 1,467314 IV
-4,835899 -5,666971 -4,433053 4,824557 0,219233 IV
7,206376 15,332877 -0,432876 -3,127258 1,312167 II
-7,913216 17,642694 -6,732342 6,047997 0,266206 II
0,133647 12,595431 0,985735 2,026488 1,905343 V
-15,666111 -4,778712 2,215877 -3,831580 1,064176 V
13,114754 11,243167 -3,325626 -3,757003 0,787058 V
8,385920 -18,784937 -3,349246 1,240518 1,096689 II
11,231492 -2,072499 2,906776 -1,582584 1,218754 II
-18,588885 10,581433 -2,730058 -1,556446 1,153656 VI
0,784670 -17,902263 1,930537 0,249801 1,299712 VII
15,527776 13,874226 5,255373 -4,071341 0,497473 III
-2,960682 5,223634 -1,889483 3,473737 0,843311 I
-16,702695 -2,455290 4,328026 2,089292 0,386724 V
-14,859307 11,882716 -0,311242 -1,398317 1,889334 II
-10,344074 6,469931 2,007416 4,674410 0,848157 III
-16,993774 10,666700 -6,583411 4,794006 0,067652 V
16,882548 15,984754 6,203255 -5,641665 0,225741 VI
16,178599 13,665134 -2,454807 -1,878020 1,726166 II
15,265790 -6,129053 -2,579995 -4,945279 0,335845 VI
-15,101662 -14,284358 2,997033 2,583533 0,682674 VI
-5,390262 8,848713 1,872997 -3,116257 1,086696 VI
-16,651252 -17,470124 -1,762308 -1,909665 1,342580 VII
-8,953252 -16,579001 1,404274 2,524824 1,299204 I
-14,962869 6,024605 -3,029971 2,689210 0,628806 VII
-10,005068 -16,928247 0,154487 1,448125 1,165416 VII
12,284589 -13,715456 -7,516073 3,638596 0,126790 VI
-9,643463 7,197695 3,107006 -0,958397 1,341019 VII
-9,506498 -4,206249 -1,138252 1,193704 1,793942 II
11,743755 -18,145193 4,307762 2,618187 0,818757 I
5,305786 -12,149726 -1,703835 1,221257 1,033584 IV
2,350526 0,803081 -0,276973 1,929873 1,596140 II
12,911421 18,458041 5,125836 1,040900 0,777142 III
-15,471598 16,158549 0,917911 1,025642 1,992321 VI
-15,261553 1,367392 -3,444538 -3,268375 0,959824 I
-7,261633 8,229838 4,399211 -1,746897 0,923675 II
-6,071450 19,307836 1,443949 -2,227794 1,985202 VI
-2,765563 5,600069 2,119637 -5,081542 0,668404 I
-3,372869 -16,278463 1,627677 -2,160748 1,986393 II
3,362701 15,057493 6,276313 -2,607790 0,440712 III
9,177748 -0,490523 -3,866639 -0,251134 0,755801 VI
3,517450 5,775360 -3,365217 -1,828384 0,675502 III
-11,282006 4,674634 2,628525 1,759654 0,564840 I
1,367242 -19,056469 -3,036735 2,618592 0,815038 VI
11,200711 16,596689 5,793865 1,925462 0,381294 II
12,684694 2,886815 5,755463 1,871204 0,558335 V
-11,921022 -13,959543 3,914866 -5,247724 0,448515 III
15,193163 -15,115490 -2,161337 -0,256067 0,970597 IV
-2,050537 -8,237815 4,058896 2,809904 0,776550 I
-8,756558 17,887899 2,741626 1,752863 1,851229 III
-8,792715 -8,614021 -1,611446 0,753116 1,795336 III
-3,236759 2,891479 2,410368 -2,058803 1,920992 I
-6,529373 12,140667 11,188760 5,981486 0,088642 VII
-10,643141 14,471987 -1,639781 -2,668663 1,426861 II
12,963630 -16,926887 -0,394303 1,875067 1,544132 I
5,829530 13,097355 4,884970 2,918419 0,172037 II
15,764935 -3,201014 3,814032 3,019162 0,843041 I
16,602796 19,381542 2,111905 0,981773 1,809115 III
5,226388 6,232361 0,859195 -2,799814 1,858270 III
-4,391782 -3,041777 1,569619 2,538394 1,108840 IV
10,052331 5,410886 5,243301 2,198543 0,625526 I
-2,784549 -13,273799 -2,500989 -1,915320 1,529505 II
-3,113966 -3,087762 -0,914005 -2,643994 1,928240 I
7,777483 -6,373880 2,042012 2,393355 1,092856 I
-7,205959 -0,070754 -1,642497 3,928749 0,607320 IV
-16,907675 -12,041475 0,881217 2,298499 1,742342 II
6,119262 -10,644715 -2,766874 2,222518 0,827286 VII
13,711144 -13,491381 -3,286038 -1,214633 1,765577 VII
14,863698 -5,546892 1,388192 -4,812434 0,428959 III
0,612671 7,209357 -2,244947 -1,301531 1,573625 II
4,060276 -12,883249 6,154004 2,617105 0,234722 IV
-3,743863 13,760059 -3,482760 -2,643760 1,096147 III
6,407167 -12,244231 2,929711 3,559044 0,667280 VII
16,043684 12,271581 -8,146845 15,382729 0,071458 II
-11,670704 -2,026539 -2,225442 -2,712973 1,534452 I
-9,549223 13,493717 4,972359 2,548236 0,601466 IV
7,147003 -2,073110 2,657728 -3,907981 0,866524 VI
-11,387925 -12,720713 -3,062644 3,285550 0,729720 VI
-19,435705 -9,651653 4,864613 -5,112430 0,268196 V
15,857539 17,450969 3,720803 7,351850 0,287987 VII
-2,780716 12,780059 -2,267944 1,826253 1,658517 IV
14,368144 18,866323 -6,210584 4,680251 0,336116 IV
-9,718675 18,014635 5,829576 3,589263 0,204128 IV
-19,331710 -17,387312 -4,594527 -3,465441 0,302800 V
-15,729121 -19,167526 1,679097 -1,640464 1,753082 II
1,063174 10,981091 -2,579620 6,153378 0,320990 III
-5,469760 18,386601 5,107800 2,741609 0,649031 II
-10,687472 13,357602 1,066999 2,262318 1,780437 II
13,132300 12,106098 -11,790238 5,519978 0,121464 V
-11,305704 10,941658 2,536667 -0,398906 1,678930 IV
-11,165655 -2,968608 7,150493 2,048947 0,377583 V
13,109700 7,994785 -3,313120 -3,177410 0,921925 IV
-12,395818 7,325907 -2,887509 -2,860353 0,165264 IV
-9,176565 -19,264431 0,149527 1,953992 1,474010 V
14,215368 1,586330 1,455230 3,108770 1,621044 II
-12,419725 8,920379 -0,736353 2,713761 1,821334 II
2,838927 -11,985178 -1,447471 -2,668324 1,190930 II
-1,641389 11,856696 2,680111 -2,618519 1,527090 I
-5,777867 0,146587 8,840770 14,731193 0,072813 VII
16,406239 10,753870 4,556948 9,085977 0,211697 V
12,968139 -4,434891 -2,257290 -2,378209 1,021043 VI
4,388612 -7,840827 -2,312304 -1,132829 1,476418 II
-10,370092 -1,347864 3,612358 0,472421 1,072983 II
-5,190666 16,522873 -2,225496 0,518203 1,750173 IV
6,374747 -18,327537 -0,692361 2,349451 0,831669 IV
-15,883592 16,973744 1,522333 2,305303 1,986281 IV
-13,729129 -12,625901 1,952133 1,857402 1,959185 I
-15,267604 -3,592681 -1,439897 3,153800 1,125889 III
-4,390960 15,666109 2,943711 4,201740 0,595726 VI
11,662880 10,675443 4,538572 -2,577032 0,514365 III
-6,573534 -0,256944 -2,703390 1,132564 1,619274 IV
-19,244381 -0,136629 3,715241 6,680808 0,335410 III
-9,383515 -3,426320 3,106802 1,802894 1,652961 III
-5,827850 -11,893922 4,420545 1,158659 0,469866 VI
-1,908504 -7,053548 -1,862323 2,942222 1,234401 VI
1,514115 -15,460258 0,692651 1,451144 1,971695 V
-5,075112 19,951678 -2,259178 -5,167168 0,106266 VII
-5,644738 -3,938365 -4,983577 -4,166242 0,320167 II
-13,134616 10,696180 3,374677 -5,117341 0,543238 III
8,033818 14,931985 0,586421 -1,360965 1,356477 IV
-10,411216 11,456454 -2,472677 -0,941261 1,875268 IV
-12,119026 0,917035 1,597011 -3,535124 0,237916 II
-3,170031 11,829078 -3,861300 1,598101 1,207704 IV
-10,432727 -6,814272 2,384895 14,302642 0,078585 VII
-14,518994 10,659773 1,968622 -3,946726 1,056714 III
11,148236 -0,192623 -1,208908 3,759468 0,606207 IV
10,910652 -12,735738 -8,133259 -2,485896 0,123059 VII
15,644483 -15,602327 3,515683 -1,015314 1,533785 IV
-12,489990 18,425315 1,466672 1,865480 0,987297 II
15,304557 -5,719641 1,460772 -4,399412 0,668198 VI
13,537328 5,325718 6,320709 -3,013095 0,425379 I
-0,700910 18,862926 -2,263953 -2,059294 1,969377 III
13,549993 -15,173614 -4,464302 -6,888887 0,271028 I
-1,601826 6,605752 -1,358083 2,125426 0,597978 I
12,994168 1,637583 0,457627 1,308724 1,885330 V
-14,450639 -19,113823 -2,169007 0,990574 0,921695 III
19,723911 3,215292 -5,069490 -1,833148 0,455468 V
-1,214869 -12,345359 -1,404235 -3,983472 0,789976 IV
0,652461 11,736465 -1,674339 -0,247068 1,007467 V
-3,920296 -6,147871 1,880501 3,825947 1,047733 VI
-9,718969 -13,706419 -2,212792 -3,461253 1,159757 VI
11,325249 8,308267 0,461473 6,853992 0,428845 IV
19,024212 -9,163795 -1,981264 -1,497850 0,789445 VII
-9,287868 1,889026 -3,049603 10,041284 0,193070 VII
0,250364 -9,729282 -2,851621 -4,023528 0,793055 II
7,925369 7,815852 1,648950 -3,393354 1,095404 VI
-10,684088 -3,094509 2,580705 0,184571 1,422501 VII
3,347313 -5,946965 1,483350 0,133119 1,709805 IV
1,866086 3,569051 1,697038 5,898633 0,500067 VII
3,535355 7,268669 -2,382033 -7,916330 0,230378 VII
-18,381991 -8,552879 -2,875460 0,806791 1,791614 V
-10,459660 14,775420 -5,999877 -0,912725 0,548701 II
-17,401519 -15,400577 -2,228220 -3,585873 0,271302 I
-6,393913 7,371564 1,890191 4,109360 0,492372 V
-17,039596 9,607846 0,899574 -0,990218 1,804403 III
2,229170 -5,708494 3,721571 -4,241441 0,623905 II
11,470220 2,856605 3,120255 -2,478523 1,153624 II
-9,092564 -7,286305 2,339191 2,242549 1,840456 VI
1,825849 -7,533413 3,267433 -1,977910 0,922109 I
-11,662231 19,696094 -1,004993 0,577483 1,852322 V
1,049951 17,820636 4,139657 2,207269 0,740103 III
-2,022666 -11,978650 1,338956 2,759824 1,568977 VI
4,076024 -12,426765 2,607227 0,887183 1,169868 I
-11,919110 12,801814 0,383001 3,195293 0,535704 VII
-18,560104 -7,208616 -1,289011 -1,950823 1,917640 II
-4,804714 10,314426 -0,111641 2,815953 1,310313 VI
-6,979394 -0,473182 5,405367 2,623919 0,572626 I
3,408016 -3,924939 -3,047504 -1,655527 0,767011 III
8,596560 -9,754877 -2,758930 1,845427 0,935651 VII
1,939092 17,029785 -2,528812 4,968839 0,686328 VI
17,090042 -17,457698 -0,544765 2,455743 1,483881 III
-19,946611 1,613257 -2,846899 -5,633298 0,370557 V
6,647656 -0,835391 -3,462156 -0,773894 1,212754 VII
4,470798 -12,422186 1,330454 -2,953144 1,076658 IV
-5,821229 -17,387220 -3,891220 1,837239 0,566014 V
-11,750457 2,691588 2,560165 -2,939759 0,321379 VII
13,395874 10,741882 1,507817 -1,807644 0,854624 VI
-2,513799 0,141921 -2,893692 4,079591 0,859682 III
-0,983056 2,560151 -4,541350 3,655190 0,457402 III
-5,594537 12,217795 3,256171 2,952540 1,103148 I
-11,880408 0,790077 0,678535 2,806837 1,850759 VI
-2,557007 -1,767416 11,393348 -13,788113 0,058980 I
-16,268090 -0,716830 3,088902 -4,749166 0,620100 III
-5,596870 11,267278 -1,893101 2,066016 1,668802 III
-6,799888 -19,897136 -18,617543 5,799021 0,027410 VII
16,073818 15,856559 -1,285166 -3,718353 1,239949 V
-18,622833 -15,278406 3,089183 -3,240447 0,731915 I
19,418793 9,615434 -1,814815 -7,239132 0,295025 VI
0,077224 -15,889831 -3,425988 -1,683396 1,360299 II
8,385985 19,367247 3,162267 -2,890821 0,504520 V
17,338823 -3,904953 -1,554350 -3,066279 1,787962 I
7,847481 -12,572262 2,431420 -4,103802 0,668150 VII
-5,963745 -3,077827 2,403530 -2,384987 1,699853 IV
4,942518 -2,895837 2,892770 -4,237492 0,603001 V
-15,542828 1,628062 -4,065891 0,652538 1,090966 IV
-12,015683 -17,856435 1,160427 -2,841366 1,461893 IV
-13,416098 12,520541 2,936621 -2,873285 1,086723 VII
13,203389 -11,552828 -1,124819 -0,642403 1,605163 VII
17,432788 13,317092 0,133406 4,274405 1,087367 I
7,520313 -12,523652 0,890443 5,615840 0,273647 VI
13,345711 5,832427 -3,705448 2,209161 0,779937 III
11,395767 -7,943020 -3,406063 1,045837 1,584254 VI
-9,967325 -4,936038 9,059587 23,569197 0,015345 II
-13,440138 -10,730736 7,960746 1,925876 0,318528 III
-8,640159 6,164938 5,644533 -7,384869 0,106494 IV
9,558759 7,723960 -2,134018 2,366191 1,322558 V
9,280661 14,589245 -0,933802 -3,801967 0,709580 VI
-19,507667 19,621495 5,853484 2,651998 0,342418 III
11,132065 -1,245060 2,131785 -4,880314 0,348135 III
12,151583 9,515726 4,226628 13,214266 0,096972 I
7,062346 -6,975669 -2,154237 5,558579 0,586290 II
17,916727 16,239051 0,793921 1,259390 1,763666 VII
12,164420 -6,383423 -2,694321 -3,682291 0,438469 VII
3,809870 -7,386980 -2,192837 -1,295349 0,688734 VII
10,154036 -3,983395 2,414426 -0,877543 1,697138 VI
12,472701 12,030090 -3,219636 4,964572 0,570556 VI
-16,642981 8,655421 -2,291659 -3,646720 0,870716 VII
-15,386142 -4,135826 -3,264289 2,686929 1,148594 III
0,678372 5,467995 -2,273085 0,946537 0,576631 II
-7,741482 -15,135347 2,884387 -4,533154 0,657312 VII
11,608195 -2,693737 1,944436 -4,409888 0,840071 V
-12,275252 16,605767 -2,070171 -1,287909 1,790512 IV
11,834645 8,087234 -1,161725 5,248179 0,356452 V
9,740798 9,784928 3,401651 2,357293 0,662883 VII
11,816184 -6,628294 1,233182 0,610883 1,658155 III
-9,794901 -6,817664 11,350474 3,833067 0,065623 I
-13,303191 -4,217636 5,190354 -2,823143 0,438704 I
17,288495 -11,021535 -3,631687 -2,626057 0,174854 VI
14,061499 -11,518215 -2,285367 1,617951 1,418130 IV
-2,574697 8,443632 2,807569 1,789182 0,399582 I
-3,505666 -4,489900 -0,409706 4,005696 1,199699 III
-14,834612 -12,572298 -3,466561 -3,779270 0,795676 III
13,957135 -5,469273 1,962105 -4,316836 0,916206 V
-8,186068 11,449084 -3,191302 -4,141287 0,761621 VII
-3,946456 1,763847 -3,173511 1,096345 0,907409 III
-16,225334 -5,233919 -3,759383 -4,043237 0,637874 III
8,595136 0,513554 -1,925648 -2,667321 1,242069 III
-1,759158 -5,157969 1,294496 3,275894 1,237857 I
-16,927487 13,294646 0,608869 1,821211 0,901978 IV
19,130027 -19,783412 -3,016918 -1,774969 0,466370 VI
-9,034223 16,942388 2,683588 0,614250 1,363579 III
12,784374 -14,076307 -1,510715 -3,519550 1,320397 VII
-11,255398 2,804232 1,616815 -0,510787 1,933885 V
13,902149 -12,410271 2,843860 0,876429 1,557206 III
-0,383798 -3,113470 -3,455644 2,617664 1,076010 I
7,457585 18,376136 -1,837252 -2,717930 1,495491 IV
-10,314906 -5,938029 -5,407307 5,974129 0,320632 II
-1,505421 -12,182501 -1,594690 2,633938 1,025361 VII
-18,255916 18,650564 -2,373146 -2,111302 1,541096 II
-8,121514 -17,354567 2,510490 -2,141263 1,714019 VI
-5,215922 -17,103363 1,224911 2,184464 1,789262 II
-5,432714 17,567277 2,962052 0,359605 0,690258 V
5,425491 -17,294785 2,997401 -2,859083 1,101370 V
9,243683 13,766390 -2,778902 2,726349 0,978804 II
-19,307920 15,911442 5,958419 6,571160 0,143417 VII
0,927140 -11,392635 2,189423 -2,738614 1,219187 III
-8,367857 -10,150608 -3,352142 -0,944612 1,628018 I
9,273293 -7,798048 2,972337 3,325352 0,801601 VI
-18,235027 -14,256410 -1,753286 -1,754964 0,617774 III
5,012142 5,557605 3,209466 1,006079 0,873160 III
-15,710134 10,550464 -1,637453 -1,352379 1,059902 II
12,337403 -18,375037 2,895406 3,325097 0,825022 VII
-11,651882 -13,618576 -4,216601 0,432944 0,862003 V
2,681427 -9,811135 4,331493 -1,194775 0,766255 III
-13,812345 -8,995597 -2,024428 1,539180 1,757057 V
-12,827123 -0,755087 -0,620971 2,473417 1,719661 VI
8,574504 -14,850472 -1,337371 1,374437 1,467913 III
16,646209 7,597715 2,911062 -2,756612 1,139123 I
12,199629 -2,748571 -1,245113 -4,105819 0,182441 VII
3,906690 -0,733782 -4,801672 -10,027166 0,167570 V
3,862280 -4,860204 3,336381 -4,632904 0,612611 IV
4,678458 -4,887043 -3,169849 -0,905657 1,245416 IV
-17,918500 3,728464 3,885488 0,204097 0,973109 I
18,196909 -7,789318 -2,634789 -1,146563 0,451317 V
7,182918 -6,989487 -1,296912 -4,172704 0,725022 VI
-4,449992 15,446352 -2,638390 1,964178 1,999903 IV
-5,053187 -11,844916 2,023861 3,251106 1,102971 II
2,994754 5,457703 4,205498 4,804675 0,328374 II
-12,874611 -13,154960 -3,500790 -1,431683 1,436858 I
1,354687 -15,767063 1,545344 -2,610406 1,417308 I
6,982213 -0,453973 2,277739 5,177404 0,662427 VII
10,977341 14,079928 1,839955 -4,576262 0,885494 V
-0,048382 0,904676 -0,992326 2,071019 1,806364 VI
5,497499 -9,345682 1,802134 -1,580761 1,629239 IV
-5,885546 -1,354563 2,155160 -6,658444 0,375381 V
12,900799 -17,339825 4,908911 -3,110390 0,579982 VI
-0,377682 8,244570 1,146676 3,876137 1,170148 VII
6,206774 -8,284726 -3,416326 -2,778457 0,761288 VI
19,578821 -3,871750 -8,401448 -2,918566 0,275370 I
-16,616228 19,153404 3,003389 2,279339 1,416806 VI
-7,374838 10,850712 -11,054152 -5,771988 0,132314 I
-2,160854 -17,606748 3,727404 -0,980404 0,884821 III
19,683891 -1,383368 -1,307145 3,184810 1,295544 II
3,714271 1,229028 -0,578302 -4,169219 0,756366 I
3,296694 -12,200439 -3,354097 -7,754142 0,307242 I
15,882209 19,208969 -3,259046 -3,661748 0,791876 I
-17,335203 -16,517541 9,654223 2,290355 0,105159 I
-3,281466 -13,855161 2,228690 1,742503 1,177125 V
18,524636 17,437158 -4,714206 5,087662 0,395244 VII
-10,974981 -13,995758 -3,271967 3,824370 0,391692 V
12,484379 -2,661841 1,819230 1,167571 1,926781 I
-13,726525 -19,209716 -2,746221 -2,146856 1,253262 VII
-18,925343 8,617030 -1,390494 -2,984693 0,567368 VI
-5,887785 -1,497579 -0,645588 1,807336 1,258166 III
2,185725 9,351133 2,545066 -2,202484 1,791299 III
-12,179368 -4,779650 -1,696682 -1,521278 0,932045 I
10,177554 11,319187 1,159908 1,281481 1,009247 V
0,799438 -0,136521 3,553922 -6,855113 0,332986 VI
-0,408763 -13,863687 -9,559857 2,942027 0,185078 IV
-0,350904 14,239692 1,159766 2,272676 1,693441 II
18,946651 -4,331085 -6,357498 3,439395 0,175214 VII
-9,594338 12,281045 7,704613 -3,510600 0,191907 VI
-8,070710 -14,548168 3,050125 2,168153 1,326987 I
0,265647 -9,207850 -10,247814 1,709227 0,200986 I
-15,423853 -12,180523 1,371482 -2,030002 1,864408 III
2,370944 4,337144 2,056736 2,298011 1,052372 VI
8,085148 10,504380 -1,832930 -1,350421 0,972317 III
-17,829642 12,994542 1,592122 2,096128 0,807494 I
2,696837 9,827725 0,316668 1,559743 1,166023 IV
12,870623 -6,816079 1,294279 4,471474 0,135913 II
19,013882 -17,870731 -2,708878 -4,677624 0,473710 I
9,208542 -5,597014 1,843097 2,070027 1,857413 V
-11,007212 0,645123 1,433852 -2,158596 0,433547 VII
-4,153893 -7,502019 1,653649 -3,108451 1,208733 V
7,565451 -10,416759 2,281452 1,567351 1,957348 VI
18,492630 12,162600 0,721610 1,006628 1,654754 I
-13,362886 -15,502158 0,389333 3,839593 0,950056 I
-0,795327 17,287297 5,831205 0,902835 0,545661 V
11,491935 -7,277404 -2,337061 2,513973 1,589277 I
6,132758 -16,670338 -2,509102 2,942905 0,355071 V
5,928848 -10,452786 1,811999 -3,131142 1,398887 VI
-1,780565 19,218247 6,055428 -7,582923 0,220766 II
-10,953908 -13,831323 -2,353001 1,625738 1,215604 I
10,373103 -5,590039 2,997929 -2,830580 0,318535 IV
-18,846013 -13,216494 -1,553498 2,958866 1,803438 V
-6,461671 -9,336303 -1,848246 3,341809 1,082612 IV
-14,152780 -12,739398 -1,682638 3,024805 1,346890 III
-17,339095 -0,287675 -2,651797 -2,156770 1,175026 VII
-5,355283 -8,374056 2,191758 5,319954 0,659941 II
13,876635 -10,329574 -3,923922 3,982700 0,339338 IV
-2,804097 -13,442428 -1,539573 -0,816248 1,737024 I
16,494641 9,767077 -3,607112 0,950422 1,328110 IV
15,195773 11,838547 -0,390553 -22,988857 0,036463 VI
-19,262280 -19,992076 -5,535892 3,073402 0,466431 VI
8,445484 3,098190 -2,723385 2,166558 1,628033 I
-9,186766 -0,571491 -0,912435 7,149930 0,298385 VII
16,702821 -11,915182 -1,891947 -4,477956 0,580480 IV
-17,759916 -12,455791 -1,933858 -1,596135 0,427200 IV
5,446735 -7,001608 -1,328647 0,630331 1,357851 VI
-7,095585 -7,283335 -3,985629 2,254691 0,670261 II
7,568733 -18,060120 -1,991262 -1,985394 0,596775 VII
-4,251077 17,144371 3,189068 -0,604359 1,516522 III
-2,653571 5,065476 -3,175004 -3,927795 0,739736 I
9,453974 -14,458289 -0,562685 2,620502 0,768849 I
3,500434 18,294366 -1,491608 -2,771664 1,853596 V
19,804858 -6,346325 -0,580711 -4,190052 0,820261 I
-6,947074 17,363544 -9,227085 16,982237 0,051551 VI
18,752971 -19,924606 1,516899 1,855215 1,076076 II
-13,378261 -9,200349 -1,329828 2,622300 1,616940 I
8,047896 -6,015428 2,365587 3,534221 0,233957 II
15,608454 2,918380 -4,663141 -1,093465 0,468298 VI
1,097010 12,211644 5,742182 -6,031918 0,203804 V
-16,897333 8,116241 -2,577754 -4,456372 0,692785 III
12,348319 -3,780049 0,601091 5,152805 0,759537 IV
-4,274736 -3,834170 4,143329 0,174339 1,168742 II
2,551150 12,420430 -2,155877 9,637331 0,224429 VII
7,866254 10,839151 -1,398732 -1,238483 1,030691 II
12,363458 4,073650 -3,018870 -1,941757 0,225047 II
-15,885423 13,656112 -3,923326 6,952923 0,322110 III
-1,155370 -10,449014 5,535618 -5,438431 0,351158 VII
-0,542938 -16,602738 3,077874 -1,001818 1,915337 I
-14,905796 -7,708367 4,799661 -4,916425 0,457750 III
-6,577959 -18,400278 2,500931 -3,204145 1,234656 I
16,598203 11,850653 2,718900 4,355554 0,585426 VII
16,916411 -0,920760 4,062300 -2,531662 0,111052 III
14,041283 9,308336 -5,225455 7,190566 0,268829 VI
-14,286396 12,013266 -2,341844 -3,459696 0,762280 III
-12,717508 -12,258481 8,181446 6,709864 0,177680 VII
11,005112 14,785959 -1,862739 -2,275688 1,159143 VI
15,799738 -19,264138 -2,473193 1,918283 1,984034 V
18,315271 18,329798 -2,348438 -1,033322 1,667770 IV
14,664672 -9,947459 -3,835174 1,812746 1,147979 III
-16,491961 19,525108 -3,669909 2,225491 0,329777 II
-3,655522 -2,798574 1,816199 0,388333 0,989424 IV
18,583822 -5,871046 0,478458 4,886197 0,785638 II
1,450208 -18,612318 4,859321 -0,625334 0,859750 VII
2,846692 14,222480 1,593422 -3,333934 1,583685 VI
6,065712 14,912303 2,604370 1,964769 0,901718 VI
-17,128154 -16,929645 2,439581 1,353716 1,434276 VI
-0,048171 4,947512 -1,936717 -2,933478 1,492725 II
-19,446715 0,993370 2,456255 3,806999 0,494092 I
17,868408 -3,793841 -1,112261 2,385737 1,376966 I
6,202352 -6,326923 1,975085 1,711657 1,651230 I
-15,582352 12,503007 2,901659 6,964942 0,323884 VII
-0,123536 5,943089 2,410750 1,444080 1,900736 VI
10,253975 -13,863552 -1,306275 1,884469 1,699719 VI
-17,270482 -17,969528 3,119510 -2,378785 1,417312 I
9,900491 5,287131 2,994365 0,192530 1,071021 I
6,488993 19,745705 -2,335469 5,269886 0,465011 III
-6,369882 4,558098 2,389998 -0,504351 1,641568 VI
2,383728 -9,817213 2,210093 2,291447 0,565271 II
-8,954870 17,574720 8,941544 -3,030276 0,241612 I
-6,920725 12,897285 -5,123933 12,951118 0,085461 I
-14,663536 -4,149286 -3,468019 -1,367976 1,370482 III
17,220616 -11,159851 2,324714 -0,831636 1,788958 VI
12,012492 14,670523 1,152130 2,110532 1,818234 V
4,952455 8,798219 2,592236 -2,411899 1,751992 V
4,935748 5,461654 1,601712 2,573694 1,478296 V
-13,139902 11,649684 -0,692082 -3,250850 0,815995 I
-6,839935 9,137341 -1,163957 0,548213 1,973335 II
10,548659 13,018366 4,616720 -8,817072 0,162822 II
-16,718689 -10,130137 -3,386289 1,013032 1,607215 III
-19,066433 8,389521 1,197519 0,184163 1,912765 V
-18,810050 -2,264507 -2,249684 -2,424195 1,808670 I
5,354732 0,861801 -3,403327 -0,573872 1,165776 IV
-0,560669 -18,981062 4,427820 -3,158406 0,384123 II
-4,969705 -14,202588 3,513078 -3,359874 0,604395 VI
16,454030 19,316110 3,509651 -2,602321 0,835362 VII
-3,336810 5,418747 6,089276 4,830725 0,250718 II
-5,629723 -11,164323 3,050303 -0,778457 1,840470 VII
6,668141 -4,359859 -1,616729 -3,899967 0,736850 IV
-7,292113 -10,997265 -2,652472 -3,647499 0,471049 VI
-15,353806 -7,445302 -1,086174 -2,940678 1,402674 VII
-9,922461 4,613397 8,564799 6,885115 0,166721 I
18,602655 -9,470932 1,315904 2,587779 1,944743 III
3,298600 9,268302 -3,313521 -3,953646 0,749775 IV
6,521015 1,814332 -4,098613 -4,265605 0,574224 IV
7,662581 0,551152 -3,590462 2,320697 0,775829 VII
16,490629 -16,191094 -2,719472 0,853876 1,672123 II
-4,766328 -4,419529 2,497609 -1,902408 1,898837 V
-3,572711 -13,169351 -1,441703 3,384518 0,701396 IV
-12,183660 -11,407963 1,007493 3,508521 1,571381 III
-15,874959 14,709347 -1,177321 -2,275124 1,425067 V
-19,873334 3,649350 6,761929 1,834456 0,217643 II
5,116963 1,106417 -4,477687 3,635114 0,474171 I
-11,177484 6,071618 3,358289 3,036860 0,783225 V
10,457508 4,119456 2,939905 -0,890910 1,682318 VI
-2,523830 19,009436 6,245643 3,776198 0,188175 I
4,473130 4,149840 0,958229 2,394411 1,631654 IV
-2,933433 12,140863 4,203656 2,940125 0,746334 II
18,763331 12,056233 -1,925713 -1,333083 1,125185 IV
-3,584379 5,626800 -8,323695 -18,689328 0,024813 I
16,742938 9,610064 -2,086203 2,009582 1,132984 II
-4,578015 19,026131 5,261372 2,418828 0,317279 V
-8,811535 1,580100 4,714682 1,558806 0,833418 VII
4,049039 14,565468 3,484607 2,395764 1,155152 I
15,790566 16,883903 2,184806 -4,021454 0,685353 II
-14,697944 6,436894 -3,667426 -2,292572 0,988305 IV
2,763208 -2,601430 -3,269259 -2,112421 1,409888 IV
17,441754 -7,333831 1,005424 -1,825764 1,267439 VI
-18,902413 -9,185599 -10,776310 5,421311 0,037406 VI
-2,360812 9,129241 2,103662 -3,195025 1,487021 II
15,359518 -7,479142 -2,084963 -3,546195 1,129479 VII
4,869183 13,022299 -1,202257 -3,407688 0,419299 III
-16,224654 -7,971949 -7,225901 5,462991 0,174938 I
4,907752 18,615115 -2,156664 -3,555766 0,202414 III
14,116206 -6,688262 1,968470 -2,761692 1,843417 IV
15,287051 -18,719907 2,364491 1,074200 1,315113 V
-0,825923 7,293007 2,831802 -1,400358 1,556940 VI
3,911148 -7,451833 3,162250 2,400539 0,878175 VI
11,345119 3,733378 7,757298 -8,572480 0,136987 III
-4,335577 -11,355950 -2,350144 -2,296612 1,817643 VII
5,460058 -15,445698 -3,478748 -0,980419 0,861333 V
-18,917562 -6,122596 3,083303 0,727624 0,956207 V
-3,807063 5,542681 2,496078 2,742190 1,031295 VII
-1,892460 -9,079632 -5,237762 -6,859836 0,253472 VI
0,484284 -17,736179 -1,806980 -2,467117 1,975770 IV
-19,847937 3,634422 -3,128178 1,200796 1,223598 IV
14,177271 18,906995 1,054374 -2,095033 1,963464 III
-12,847497 -7,026990 2,361801 1,091371 1,933455 II
9,073948 13,724556 0,577178 1,267568 1,385435 IV
-19,814623 -15,224563 -3,168819 -3,473527 0,730234 III
8,577021 -4,492761 -2,070215 -1,393383 1,691281 II
6,314013 19,790378 -10,089600 -8,767171 0,057282 I
-2,128446 -14,163030 -2,131846 -2,149059 1,810270 III
-9,977700 18,150432 3,903556 -3,033332 0,643631 IV
-12,927419 -13,764639 -1,763568 -1,280367 1,031404 VII
-16,495379 18,195770 -1,093468 1,590002 1,344836 VII
11,195297 6,767178 1,242009 -0,542187 1,336807 V
3,184484 -17,090712 2,527305 -4,140098 0,618755 II
18,695827 -13,762802 -3,526504 1,371986 0,948830 VI
-7,227117 1,815172 -4,188542 4,082682 0,641122 VII
4,754360 -18,144235 1,169244 -1,999786 1,893002 II
-15,569701 -18,611906 1,131745 2,571158 1,846742 III
-12,572945 13,973889 1,401367 1,933289 1,867300 VII
6,517657 -4,053873 5,548445 2,938602 0,507869 VI
0,928510 14,622348 1,743104 1,924795 1,949355 II
-0,592662 18,482945 -3,415932 -7,551579 0,267291 VI
-17,674849 -19,698200 -1,522633 -1,636300 0,972801 IV
-3,348454 -2,030268 -9,553833 11,406543 0,098788 I
-2,699620 8,902741 3,042019 -4,030617 0,386906 VII
-6,859159 -2,800509 19,627656 7,000578 0,050162 VI
1,494894 0,384679 -2,135931 -2,700263 1,645595 V
-7,486093 12,855978 -2,044176 0,181473 0,966369 I
2,367629 19,730560 3,405786 -4,557723 0,647879 II
19,087814 11,549852 1,962945 -5,520485 0,534920 V
7,906570 18,115749 4,373499 -8,902011 0,211057 III
1,373322 13,274397 3,741050 1,246813 1,340354 II
-8,990856 -14,995024 2,898081 -0,899799 0,427722 VII
13,534672 15,493596 -1,050318 1,957658 0,999033 III
5,497712 -8,710657 5,027819 10,050821 0,075967 V
-5,213745 -2,316714 2,066992 -2,464134 0,950316 IV
-5,376679 -17,172628 7,319679 4,441989 0,080728 VII
-4,802307 -19,818382 1,752441 -1,788222 0,570191 II
5,926529 17,566030 -2,219470 -2,366588 1,426661 I
-14,625021 -12,505136 -0,939935 -2,130530 0,539254 IV
12,807893 8,270797 -4,440925 1,559658 0,983510 II
1,404686 -1,745325 1,458311 3,311032 1,659550 I
-12,547936 12,514404 -1,124344 -5,395327 0,312439 VII
9,531211 15,681075 2,054123 -2,586725 1,231695 VII
-6,356345 13,523273 -1,310138 3,657634 1,074814 II
18,332259 -14,541768 0,919772 -2,135233 1,780941 III
-19,822733 5,449821 -7,062383 4,536709 0,202254 VI
9,143050 -6,031702 2,900700 2,062411 1,042943 I
6,844393 -9,097844 1,455725 -1,502903 0,959039 V
8,109606 -6,760468 -0,468439 2,692828 1,319324 V
9,862601 -4,163394 -0,690155 2,663844 1,392109 III
5,411106 -11,487547 3,725827 -0,217567 1,428048 I
10,096797 10,760954 -1,697625 -1,145906 0,741906 V
-3,478400 -8,293049 1,529616 1,184111 0,860478 II
-6,364892 -11,608001 2,399641 4,079617 0,967866 VII
3,156921 19,061312 1,800634 -2,299438 1,192570 VI
-5,117382 6,373415 2,739349 1,707057 0,849491 IV
5,230865 5,477855 6,510599 5,665743 0,151425 I
-16,621100 -7,126169 -1,306985 -0,237902 1,852323 I
7,681308 -3,346500 -4,992626 2,775332 0,442566 I
11,268041 9,274527 -3,243807 4,341516 0,493328 V
3,360603 -10,801395 1,926263 -1,411659 1,567097 VI
-1,395474 1,623581 2,041804 1,844441 0,801669 II
-4,162172 -18,577838 -5,520807 5,177631 0,331860 IV
2,110410 7,645514 -1,922603 -2,824816 1,121678 I
17,016470 17,763638 -4,398628 1,593489 0,620190 V
-8,623712 18,484637 2,392387 -3,269531 0,993164 IV
-16,022221 4,529345 9,265997 -2,676349 0,211229 I
-5,050520 11,096810 -4,771377 1,530033 0,429472 IV
-7,474106 -7,048043 -3,001558 2,174760 1,426250 VI
7,935996 2,492208 -2,595672 3,161719 1,132882 IV
-4,689138 17,683990 1,639660 -4,508458 0,589864 IV
-18,701232 15,535434 -2,492888 -1,506472 1,873243 VI
10,673629 -10,624473 -0,263681 -1,152606 1,824082 IV
6,381450 16,659029 2,252429 1,917627 1,511196 VII
-3,387653 -10,121625 -1,731720 -0,306178 1,700658 VII
-15,731634 -9,254534 3,867327 -1,078826 1,270513 VII
-1,408834 -5,787645 -6,116744 -4,661570 0,351137 V
-13,487987 -2,111862 -4,109195 -2,635046 0,842416 V
-2,862765 -14,552414 1,924295 -3,739827 0,917913 III
12,654437 8,479257 3,656436 -1,665176 1,353503 II
16,834554 -0,308293 -5,710673 4,614863 0,252314 II
-7,884174 -0,488041 0,239289 -1,753000 0,975399 II
4,894980 -4,411864 -1,154553 3,454761 0,819842 VI
-8,014142 -16,167940 1,782389 2,216780 1,293189 V
6,008428 8,825427 3,345063 -1,924841 1,019645 VI
3,391884 -12,598126 -1,644776 3,052308 0,862021 IV
-14,815656 -9,771308 12,657374 -14,225037 0,044822 IV
-11,841669 -12,328228 -3,134887 -2,527811 0,943879 VI
19,519975 9,307325 2,274714 -2,008706 1,216887 VI
-6,826423 -3,021997 6,990607 -12,171937 0,100558 II
2,963870 6,489315 3,765964 -3,226867 0,744811 IV
-10,793710 19,398199 0,657386 -1,335822 1,830665 IV
-1,716290 -9,095158 4,153897 4,301079 0,549462 II
0,777354 -17,736788 1,668361 3,797989 0,761548 V
-19,199805 -2,058752 -4,440520 -3,327254 0,698682 VII
-16,941197 11,950985 -1,993146 -1,530822 0,794571 IV
-14,189811 3,023515 -5,069910 0,959681 0,727627 VI
5,532555 -19,148356 -1,222157 -4,008023 1,168939 II
-6,624167 0,054519 -13,815350 -2,276483 0,108649 V
-10,414966 8,772317 -0,983947 3,309841 1,757253 VI
8,695432 -7,291797 4,587851 2,211419 0,360189 VI
2,676689 -2,567241 -0,543980 5,771272 0,410533 V
18,665285 13,537238 2,887738 -2,328070 1,501470 I
-18,828652 -11,541600 4,110814 2,316238 0,855425 III
-8,621848 -2,279212 -5,391223 1,816888 0,648595 II
-19,929496 14,105660 -2,912764 2,174957 0,821781 VI
11,573964 -19,148613 -2,418870 5,420052 0,378173 III
11,996347 -18,028629 -2,662532 -3,804684 0,915763 V
-14,601556 -11,477545 0,676099 4,808586 0,555380 III
10,495213 16,072880 1,260252 -1,582504 1,116767 II
16,647995 14,097405 -2,198449 -0,323061 0,653880 II
2,878034 4,661273 2,041036 -2,021656 1,197101 III
17,893949 -6,806179 10,575049 -5,093024 0,115912 II
-15,193227 14,770072 -0,796408 -1,178549 1,262296 III
-11,845038 -12,370575 -4,048842 -1,298259 0,872134 VII
8,612002 6,620348 0,644053 1,478125 0,986658 VII
9,557576 -4,119129 -1,862590 1,069299 1,920280 VI
-4,652271 17,567528 3,022057 -1,078460 1,423450 V
-16,637743 -18,589390 1,860209 -1,666397 0,519530 IV
-15,823265 6,682350 3,346746 5,682138 0,364887 IV
-6,610979 13,220111 2,246460 3,139415 1,014405 III
-13,675150 8,430836 -1,144805 4,158667 0,830754 I
9,048492 -2,945075 4,261309 8,091918 0,182384 IV
11,673227 12,279991 1,122250 -3,871729 0,583502 II
-8,331547 -17,555940 -6,046545 -6,541821 0,255384 I
-5,857987 -17,709159 2,985928 1,780638 1,593712 V
-13,030844 18,499079 -1,744700 -2,123605 1,979436 VII
-4,308395 -8,395688 1,240674 0,858719 1,593544 VI
18,778950 -6,388254 -0,972373 2,342293 1,566920 I
-2,580850 -3,059814 -3,849031 -2,163523 1,108003 IV
13,485328 16,008341 -5,030430 -3,747325 0,549670 IV
17,774967 -5,956215 -1,471492 -3,572354 1,450284 II
-4,349096 4,630295 2,048198 -5,254578 0,277201 VII
-6,840922 4,868626 -1,295615 0,784220 1,112413 VI
13,325180 -18,095419 1,527382 0,817636 0,818338 II
11,157610 7,482339 -2,203559 -3,046700 1,439144 I
14,427503 19,121323 1,998721 -5,620870 0,585424 II
-18,101923 -10,042005 -1,638883 1,259669 1,422025 I
-4,194739 -3,717537 -2,656524 0,740644 1,872192 II
2,633936 2,875386 1,211666 1,096702 1,871486 VII
14,645148 -4,742235 2,509462 0,172808 1,576212 V
-17,204925 15,453403 -1,803236 -2,784132 0,408146 VI
-8,632222 6,885112 2,023512 4,122824 0,155640 II
-9,619243 0,745864 -1,966214 2,774700 1,660351 VI
6,916809 -2,810580 9,358892 1,842699 0,236488 VII
2,017535 -5,521949 1,071991 -1,352351 1,310517 I
-18,553896 -8,158122 -3,344691 -2,357132 1,228394 IV
-4,795512 -1,214173 -2,526570 -1,059996 1,959722 VI
15,720680 12,785989 -13,296987 10,937559 0,073378 IV
-15,086709 3,884776 3,207689 -1,555859 1,133269 III
11,602330 5,928457 1,193270 3,182021 0,856165 V
-1,267601 19,176746 5,099336 2,597409 0,647079 VII
1,462739 -9,910521 3,006447 -2,886640 0,753395 I
-7,149731 -16,762834 -2,795669 -3,098443 0,610793 V
-10,438546 -19,930242 -0,754501 3,076760 1,835962 II
-11,818158 -16,057389 5,638826 5,546375 0,179740 IV
-14,602053 16,508232 0,501117 -2,332634 1,982629 V
18,042901 -3,119754 -2,830876 -0,321314 1,662540 IV
-13,827203 -1,857310 -2,668033 1,020395 1,350713 VII
-7,499860 -10,383806 2,877713 -0,376400 1,931145 VI
11,771156 -15,773340 0,745978 4,775647 0,807264 IV
-18,911315 -19,546060 2,208675 4,468872 0,849635 III
13,236140 7,438834 2,305921 2,751478 0,831746 VI
1,953578 -7,173654 -3,567625 -3,809458 0,735489 VII
8,602474 2,210395 2,571437 -2,617415 0,327867 V
5,513777 3,515617 4,198257 -0,927064 0,763961 I
-12,114017 -3,721150 -1,607511 -3,108703 0,889313 III
-15,055902 -10,295803 7,750873 -21,532429 0,040803 IV
-15,308239 7,076479 3,923491 3,740029 0,188589 V
12,620819 12,241152 -1,515460 -4,191241 0,701866 VII
16,815360 7,033876 0,909610 -1,663818 1,110165 II
-12,435068 -19,049573 3,315904 -3,261893 0,266830 VI
19,582156 -12,208675 3,199085 -1,940928 0,942526 III
3,980986 -14,677535 1,341526 -1,586221 0,804333 IV
-7,896178 -6,162469 -1,744557 1,879026 1,994294 V
15,274596 11,142601 -0,783270 -4,707637 0,868803 IV
17,003618 -7,928984 2,724364 -1,629314 1,831907 VI
5,030883 9,665523 -10,574581 10,096960 0,045671 II
-16,635321 -6,690541 -3,198386 1,691096 1,108782 VI
-2,912519 -13,695890 1,737008 -2,721697 0,408001 III
-11,234332 5,688302 5,179150 -0,440378 0,725043 VII
3,357738 9,651214 2,639981 -4,390658 0,721228 IV
0,674233 19,171886 -1,395070 1,938421 1,657890 V
-16,590853 -12,293961 2,127304 -5,620994 0,406721 VI
-14,868707 -1,335086 -0,763457 -1,540795 1,085336 II
-12,856599 -9,491338 2,729364 1,107922 1,145787 V
-13,916569 2,538193 -2,369397 3,308966 0,542441 VI
-3,985959 7,331777 2,663941 -2,458430 1,206611 III
0,935480 -13,614933 3,068244 -1,255428 1,466551 IV
-3,357998 -15,681851 1,467150 -2,366624 1,888837 III
9,000043 -8,319507 -1,238754 5,046360 0,752284 II
11,516191 -4,607887 2,597508 -2,495794 1,452172 VII
-19,947030 -14,465495 -2,709509 -1,668331 1,827106 I
-17,301055 -16,673274 0,913237 0,971237 1,673675 I
-0,067094 6,963096 2,133282 -2,495036 1,760458 IV
-18,211320 16,235727 1,427269 2,349928 1,223001 V
8,458554 -17,639784 2,053978 2,354485 0,560005 IV
2,589135 11,308068 3,671321 -3,642629 0,368610 IV
9,085623 10,090039 3,798165 -2,134596 0,967386 VII
18,545790 19,525933 1,442749 1,461182 1,163531 II
16,775330 11,738125 -1,634331 -2,425419 1,628371 V
-3,694941 -18,219662 2,153604 0,938844 0,482939 II
-2,230167 4,292348 5,299562 3,065390 0,259305 III
-14,744859 -17,614783 -1,322180 1,407272 1,392165 V
-7,851695 -4,974674 -4,122386 -1,635102 0,245496 VII
16,581469 -16,049544 -2,704781 -2,206377 1,784140 I
-0,867351 14,814438 -4,204181 0,851444 1,071074 I
-2,990784 0,245328 -0,854093 1,892821 1,133687 VII
4,950433 -3,535040 -12,814171 -9,075244 0,084359 I
10,853023 -12,172586 1,878415 -1,208037 1,801663 III
-2,069053 18,183667 -2,950970 3,593872 0,913156 VII
-0,405184 1,997055 -2,136410 -3,028815 1,128631 I
-7,835392 -0,278955 2,228605 1,693240 1,183091 IV
-3,526509 19,224114 2,624452 -1,579670 1,963638 IV
3,544087 4,207254 1,008510 -4,060670 0,522934 V
5,750064 -11,908232 0,545474 -2,739856 1,993167 VII
13,109350 -19,055362 -3,401176 -2,093029 0,837511 III
8,363009 6,168647 0,202935 -1,993092 0,888012 VI
-18,165747 -1,487987 3,092515 -5,326735 0,547270 III
-12,738569 12,902343 3,583362 3,509993 0,850019 VI
9,580623 15,620749 9,257899 -2,286308 0,219304 VI
-15,780206 15,733449 -1,026895 2,637459 0,623039 VI
-11,346535 15,860840 -2,685570 2,430525 1,584814 VI
-12,831196 16,842564 3,482219 4,211216 0,680681 IV
8,943087 -1,223374 -3,838922 1,078281 0,700079 II
17,745924 1,787598 5,682638 4,273321 0,407393 VI
19,170056 16,311113 0,697179 -2,503255 1,585355 III
-18,023248 -11,256520 2,456933 1,443034 1,376128 III
0,203212 17,661824 2,043115 0,451862 1,306098 VI
4,214263 -4,176873 1,165644 2,372186 1,551491 I
-13,113260 -15,371332 2,909442 1,776628 1,566317 VII
0,708496 -5,975644 2,031473 -1,027837 0,553050 III
-2,940179 -2,676415 6,043232 3,536781 0,322964 II
-10,882585 3,384919 -1,491374 1,346296 0,966262 I
3,767300 -12,283773 -2,416042 -0,191753 1,926639 V
12,069033 11,046385 -1,605562 -3,387274 1,298559 V
7,053046 3,827167 -1,736624 -5,659439 0,603269 VII
6,650876 -16,331595 -1,750173 -1,938616 1,651866 II
4,078784 -17,667452 -3,228722 -2,777891 0,136635 II
-5,590111 -11,161693 -1,111741 -11,601947 0,076323 I
15,375711 14,299150 3,080213 1,284422 1,748293 III
14,837504 -5,986949 1,934329 1,498817 0,511421 I
10,735982 16,176423 -3,265652 -1,423698 0,699907 I
13,078392 -17,774938 5,070327 5,136094 0,074975 VII
19,832097 8,258621 -0,711884 -1,666894 1,878216 VII
-1,945661 -16,404409 -2,748978 10,192478 0,132364 VI
-19,506397 0,077607 1,196399 -1,969771 1,983791 V
13,617019 -1,200219 -1,574596 3,718743 1,321733 V
-14,538325 -14,507995 -3,204168 2,342326 0,606819 IV
1,935345 8,634655 -1,080236 1,049333 1,710215 VI
5,735875 -8,041183 5,008228 1,353041 0,363999 VII
0,619558 19,982257 5,123863 -6,553508 0,144988 IV
-17,645725 -10,339756 2,553793 -0,249451 1,554656 II
4,735414 -1,235776 2,591471 2,070131 1,215984 V
-1,271590 -5,333518 -0,879908 -1,361164 1,718563 III
-14,889725 -3,855088 -3,802000 4,124055 0,598393 II
-11,842519 12,541664 5,326989 -5,257120 0,279930 I
12,828044 15,801368 -1,234175 -3,290260 1,259845 III
19,093670 -0,125503 2,512982 2,023876 1,518228 IV
-18,599525 -6,450859 -5,457971 -5,576468 0,319836 III
0,520944 -4,008093 -3,174289 -1,508133 1,774187 VI
-11,641185 -18,794688 1,743299 1,617401 1,985129 III
-5,789468 -15,489684 3,299506 -4,194438 0,539916 II
-7,759038 18,815576 2,982238 5,958030 0,478283 I
-16,060546 12,606570 4,148412 3,184735 0,757929 III
-0,434397 4,018236 -0,621757 3,480853 1,527382 IV
6,584934 -18,524327 4,632893 -3,100638 0,529799 III
-11,095499 -11,977966 1,679462 -0,641850 0,798481 V
12,508667 -2,811572 0,509254 1,525776 1,883757 VII
15,166653 19,321900 6,179092 -6,576302 0,190055 VI
3,913651 -4,120534 2,461177 -1,239936 1,848789 VII
12,189325 -9,208331 -5,517936 5,361042 0,185356 III
-6,654352 15,001337 4,739796 40,568476 0,012500 II
-13,848635 7,182060 1,395810 1,742944 1,970692 II
9,938430 9,473760 -10,774287 -10,075472 0,066139 IV
2,135526 14,781594 -7,846710 -4,140053 0,274273 II
-1,682583 -8,432210 2,636265 -2,570705 1,147042 VI
-5,352754 -16,484106 1,615981 -0,809951 0,963540 II
10,121681 5,781046 2,486312 -4,212373 0,673973 VI
-4,004216 1,293540 3,733264 -6,114418 0,427692 III
11,073908 4,011021 -2,068174 1,174755 1,770091 VI
1,522048 -16,812511 1,929113 -2,048937 1,296082 II
-7,909838 -7,578778 -1,777520 2,739266 1,877893 II
11,216923 -11,452066 -13,865459 4,196929 0,053529 V
-6,891575 -0,618971 1,187021 2,523430 0,715304 VII
2,923154 4,330691 1,760197 -4,161139 0,789916 VI
-12,004473 14,532393 -10,050953 -6,266791 0,114311 VI
-13,063181 -6,454084 -4,926103 -3,802226 0,499689 IV
-6,945272 -6,168045 3,658303 0,674807 1,193839 V
16,168046 10,299181 -4,859358 4,801373 0,421146 I
-10,550745 16,779391 -3,124784 5,984404 0,223740 IV
4,107983 -1,941739 -2,180719 -2,401288 1,442759 IV
-14,466543 0,167087 2,837559 -5,458997 0,259488 VI
-14,766658 -13,478899 -4,538129 -2,711650 0,552309 II
-17,774499 -3,490763 -1,988721 1,475043 0,907640 II
16,341005 -4,497309 -1,213310 -2,971895 1,317771 VI
10,530588 13,308127 2,011799 -3,127830 1,411355 VII
-10,100094 -15,935610 -2,369327 -1,001538 0,830380 III
-6,876287 -2,038145 2,302626 1,637416 1,727362 II
-15,835870 -18,996218 -1,905647 -1,959855 1,452350 VII
6,204681 -15,130213 -3,504511 -2,405966 1,127207 VI
15,526777 0,353248 4,432576 0,958464 0,744604 VII
-7,771811 -8,409520 -3,012854 1,901931 1,228816 V
-9,956590 3,202660 -1,336071 -2,567444 1,089151 VI
8,288045 -9,720469 -2,267287 -1,740464 1,914343 VII
17,301990 -18,503913 -2,795853 1,860223 1,192988 I
-8,897794 -13,491380 5,287332 -6,096287 0,242013 I
17,630576 13,548993 1,621712 -0,936069 0,732524 I
-16,111801 -18,487355 -1,808707 3,241311 1,399424 VII
-19,919912 12,560675 -0,796055 -1,768007 1,231828 V
2,842971 -2,040881 -2,674199 -2,069634 1,609878 VI
8,717140 8,399169 3,748757 2,734786 1,000299 II
10,467380 7,580537 -1,571078 -1,236405 1,060393 III
0,020738 17,434702 -1,649008 3,261820 1,480755 I
6,151227 12,737572 1,394017 -2,985308 0,549886 VII
-4,492974 -16,868845 2,257831 -2,264007 1,815523 VII
-1,364782 1,907225 2,079456 -1,201226 1,070596 I
-5,409945 -6,682593 1,947037 1,400610 0,736730 IV
-2,357481 18,272837 -1,326506 1,390793 0,720186 VI
12,542608 -18,787581 -1,024825 0,806427 1,540758 II
5,174600 12,979663 2,109924 2,073316 1,238460 III
13,085158 -15,846181 2,714811 2,725922 1,067343 II
0,390202 -16,884084 1,277887 0,860497 1,054111 VI
4,632429 18,613910 1,208240 -2,969687 1,778330 VII
-12,647674 17,893128 2,551389 -2,217551 1,824890 II
-7,678297 -4,072861 -2,284614 -1,660974 1,749119 VI
16,528170 -2,583601 -3,356094 1,569600 1,189771 II
-8,722737 14,375451 0,394659 1,985142 0,967079 VII
4,085978 1,999816 -2,000302 1,043084 0,932759 VII
11,277439 15,943456 -3,477373 3,260927 0,919232 IV
-10,188603 11,186137 1,470449 1,855577 1,576677 IV
-0,221683 -3,462480 2,698115 4,402322 0,374524 III
-3,665745 9,211673 8,234890 -5,533448 0,219539 IV
-14,825823 -13,300290 -1,853269 -1,861079 1,397783 I
0,175931 18,345700 7,448134 4,440529 0,126792 II
-13,864831 -11,265178 -3,631786 -0,274446 1,497667 I
-1,392791 5,410318 -5,137673 4,090484 0,444531 III
18,935026 -12,999323 1,744667 3,144672 1,450101 II
-10,282574 -0,234403 -3,664596 1,039102 1,048989 II
14,766482 -6,340720 -2,464829 2,082270 1,894656 III
-2,137688 -17,493746 2,197417 -2,328687 0,588492 I
-10,665052 5,106885 -0,707537 -1,444552 1,978061 VII
-18,456242 13,834899 4,403323 4,377254 0,430090 II
14,406423 -16,858714 2,469846 -6,019163 0,494419 VII
-18,876080 -0,376928 -1,497093 -1,072636 1,182030 VII
-11,632684 -19,490954 1,718784 -1,625186 0,551669 VI
-13,070872 -10,803569 0,483645 1,150054 1,738878 IV
4,390901 13,685890 -2,698329 1,632272 1,480504 IV
16,554792 -17,238485 -2,932849 -1,508740 1,852935 II
-7,466261 -12,541480 -1,456123 -2,016972 1,698355 VII
10,083437 11,499653 5,961197 -1,206977 0,494147 V
18,562594 -6,654661 -3,679087 1,604923 1,345630 I
-5,130404 2,199485 -2,394936 -3,094592 0,930028 II
-5,088718 10,882841 -1,671761 2,649031 1,406067 VI
5,889269 1,784872 1,201557 -3,539982 0,761909 III
2,744966 -1,526799 3,204436 4,535003 0,699965 V
3,322787 5,989106 -3,093938 -2,680314 1,236414 IV
-1,456512 6,431324 -0,529453 4,669864 0,865238 V
-17,745191 0,652370 2,953734 1,956188 1,750939 V
-16,002086 3,694486 5,207132 -2,795795 0,253248 VII
8,925607 -10,976928 -0,571572 2,850764 1,251940 III
19,056955 9,401050 1,192360 -1,070671 1,131718 VI
-12,460158 8,396991 -4,682550 -5,804220 0,350929 I
-16,805348 -15,153621 -1,114556 0,916093 1,628719 VII
18,511933 -12,906217 6,541573 3,142405 0,358606 III
18,679451 -18,818757 1,343640 1,312846 1,228699 VII
10,364442 -16,425577 -10,184711 -7,713031 0,063147 VI
10,961482 -18,595358 -3,076529 3,441868 0,645894 VII
-18,758869 13,548147 6,431600 -4,509905 0,323831 III
13,209787 -12,730732 3,806891 9,079644 0,205304 VII
6,068427 -5,631473 -2,931549 1,721643 0,967325 III
2,685094 -18,972711 -2,675870 -1,897340 1,795548 III
-10,510534 15,992136 -7,353674 5,327068 0,257330 III
14,041330 9,302173 -0,455020 -4,952618 0,423268 II
-5,367700 6,769012 -3,334477 2,744627 0,875044 VI
-9,635982 -10,956493 7,552467 2,423861 0,175749 V
9,387184 -10,112402 -4,936785 10,862561 0,065219 II
-12,603020 3,498421 -0,616234 1,875211 1,292098 V
16,386261 -18,119023 2,170104 4,101583 0,730602 VII
-6,698191 2,224756 2,587608 -2,030710 1,006875 IV
10,018489 -8,381764 2,932921 -2,069977 0,797649 III
0,008361 11,772801 5,834384 4,188549 0,419386 VII
-11,920485 9,144346 -2,969830 -1,511097 1,409102 VII
4,314400 12,653030 2,435346 -2,884642 0,247552 I
14,157577 -16,781408 -1,858712 2,890097 1,855075 III
-12,204283 -5,134916 -1,360408 -3,374891 1,140625 VII
-19,218304 18,985777 4,221013 1,933319 0,915546 VI
2,527782 -4,922904 -2,085682 18,332953 0,055819 IV
-2,663042 -17,820996 0,325780 -2,063704 0,849240 I
-5,656204 -17,410159 -0,667556 -1,036452 1,825615 V
6,035092 -16,252719 -7,867183 3,308243 0,202438 VI
19,899215 12,546013 -10,364804 3,760095 0,077785 V
-1,247775 -18,482854 2,275321 -0,689211 1,668666 I
-18,436233 -13,226758 3,156894 7,381861 0,338400 VII
4,502207 6,887581 -1,568920 2,938709 1,253618 II
1,329994 13,262480 -1,993432 -2,629311 0,434352 II
4,326678 -4,125464 3,044315 -1,999060 1,382677 V
-4,530614 -5,416885 -1,301318 -0,796567 1,963277 VI
8,101261 -16,588237 -1,972849 1,823804 1,454569 II
-17,430932 11,378093 3,714922 -0,593775 1,112732 II
1,402580 15,024063 0,885695 -1,380076 1,274957 V
-5,691874 -6,566785 -1,657729 3,615587 1,366629 II
-17,626482 14,820255 2,022814 3,718738 1,183580 VII
-9,199120 11,684130 -2,604277 -1,358747 1,036909 VII
-1,098587 -5,344493 1,239840 -2,961178 1,821706 III
-18,716080 -1,987209 -1,581799 -1,597954 0,907626 V
-13,666023 -9,327849 -0,947533 1,311986 1,738930 II
-3,652655 -17,494497 -1,865413 1,996533 1,885121 VII
5,255939 1,260844 0,952579 3,449071 1,089757 III
7,517323 -0,056477 -1,599347 -1,331653 1,431215 II
-11,544826 -3,641460 -1,383259 3,058183 1,802517 VII
-2,023405 -3,849259 -1,598572 -2,570324 1,616212 I
-12,846798 -12,558702 3,656951 0,754436 1,414775 VI
-17,539729 -11,227087 -3,449517 -2,915905 0,655488 I
4,678987 -18,146882 4,570758 1,605760 0,377362 V
8,348133 -7,250334 3,671588 1,614178 0,367416 VI
-15,942103 6,552286 1,425471 3,029106 1,314549 IV
-6,752512 -18,516434 -3,145572 -1,452227 0,268344 II
18,511934 7,631650 -9,732307 7,569267 0,125502 II
-0,203179 0,817526 -4,466993 -2,280849 0,369276 IV
-18,218405 7,348297 2,117840 0,357055 0,940979 VI
19,335704 17,240588 -1,285825 6,093023 0,126601 IV
15,269563 18,070040 -10,150046 -7,565040 0,099456 III
0,028039 -3,335812 -2,589456 1,953092 0,875129 V
14,894740 -18,831300 -1,173991 -5,450384 0,586712 VI
-14,344473 18,940764 3,565304 1,099205 1,509327 V
3,089410 -5,195844 -2,320824 1,204457 1,496568 VII
13,642789 7,892883 -1,511282 -2,767422 1,019281 I
-16,230693 -3,679672 2,212708 -2,224504 1,678838 V
-7,820982 6,328552 -2,172004 -0,899172 1,971371 II
-0,409515 -9,291713 -2,932299 1,434373 1,837084 V
7,805214 1,186701 1,220436 -2,066398 1,588522 IV
2,435252 -8,375910 -1,366259 -3,069431 1,720946 IV
12,442156 3,706195 -1,010876 -1,840409 0,612337 IV
9,727860 -11,492424 2,234537 -2,813510 1,275621 II
-17,159887 -0,383259 -0,411610 -2,763842 1,806651 V
-6,096949 -17,541347 5,190058 7,044129 0,270475 III
15,047290 -18,142048 1,152509 1,537028 1,522486 IV
19,091594 1,394498 -5,003225 0,953250 0,720484 VI
3,008620 14,773237 2,043535 -1,958133 1,851372 VII
0,063493 -13,726663 -10,307900 1,140485 0,181505 VII
7,908453 -5,658472 -3,317958 -2,214354 0,894973 VI
12,957735 -16,349595 -9,439134 13,204939 0,053146 VI
7,775474 -12,537088 9,464166 3,000432 0,144440 II
-14,217496 -4,483742 3,980323 -8,689931 0,225457 III
-16,774219 -8,022008 3,029714 -1,448313 1,272608 II
-11,743309 -11,100245 -0,899800 1,089834 1,728632 III
-3,783826 -15,910972 -0,842007 -3,073371 0,343095 VI
18,693813 4,604532 -3,339853 -0,827845 0,953365 I
15,774824 -18,727895 -2,135393 -0,977042 1,908368 III
5,852760 17,992012 -2,163698 1,883439 1,766635 IV
14,985906 -17,632113 4,614697 -1,747301 0,873143 I
4,253719 2,636666 -2,437976 -2,923055 1,134096 I
-18,655908 8,893562 -2,167713 -2,345401 0,909502 V
-2,254496 5,536029 2,714732 2,202155 0,401837 III
-5,081163 -4,198678 -9,980107 21,158367 0,025005 VI
5,293731 3,226265 1,417813 -2,349956 1,465271 I
14,847324 -15,221345 5,778228 0,946064 0,450176 II
9,401755 -14,480545 -3,188269 1,616015 1,540159 IV
8,032619 8,868562 -2,723287 5,044514 0,337961 V
-7,996949 12,931884 -4,028672 1,977750 0,981586 II
-1,563792 -16,952993 -10,324208 -12,073400 0,037040 II
-0,463340 12,948014 -15,760201 15,192909 0,028271 IV
15,662435 -10,328196 -2,655643 1,681277 1,974144 I
-3,649349 9,694496 -1,737929 4,395542 0,470358 V
10,111957 0,182296 -2,087878 -2,554560 1,237633 I
-11,173663 -19,525762 -3,534974 -6,521004 0,345289 V
17,856024 19,062246 -3,226688 -3,261334 0,212438 VI
-14,446092 -14,945154 -1,569337 3,034657 1,878311 VI
2,165999 -15,731864 -4,569636 -5,928031 0,288597 VII
-17,923047 11,143649 1,230346 -3,401396 1,228850 VI
-5,769518 1,592121 3,759919 7,082353 0,203589 III
-19,895001 0,133922 0,263995 3,220430 1,972843 III
-1,659655 -0,028301 3,305012 1,294178 1,287657 VII
-0,614557 -9,079534 2,534218 4,732169 0,165463 VII
-17,584109 11,107944 -2,611163 2,010135 1,880532 VII
11,303689 2,696945 4,845055 5,144730 0,196928 III
9,084173 14,621725 1,614851 -0,945148 1,371846 VII
12,752111 8,411828 2,139487 2,206761 1,742854 V
4,108724 15,770921 -6,500520 3,588345 0,285617 II
-12,795945 7,402909 1,890989 3,557137 1,207475 V
-9,064931 13,369507 -4,895933 -3,453224 0,394039 III
16,046101 7,687230 -0,873936 -3,106235 0,586757 VI
-14,438554 -12,515501 -1,162439 -2,098026 1,849489 VI
17,220209 8,413906 -2,530860 -2,221712 1,868812 VI
-14,310729 8,092261 2,790891 -3,445995 0,724897 VII
19,293104 18,985585 -3,610873 -4,574017 0,454963 VII
-18,918981 -15,548689 4,898616 5,193535 0,431586 II
-7,429495 -1,535562 -2,818984 0,383650 0,462936 VII
-1,987930 13,356741 3,201694 0,484376 0,973855 IV
-0,634376 -17,251422 1,834476 -2,721779 1,997379 VI
-18,480383 -10,222192 -1,969469 1,317977 0,895382 V
0,005979 -17,593930 -6,872343 -5,942890 0,236499 II
3,682165 -6,664312 2,966602 -7,274989 0,263246 V
-0,969427 -1,351569 2,092948 -1,925395 1,923488 IV
8,205075 6,878151 1,777896 4,556552 0,468727 V
16,848226 -19,467630 2,318919 -1,706246 1,933224 IV
4,757840 -0,187994 12,949571 -5,284486 0,047680 V
13,272116 -6,413212 -0,930406 -1,284675 1,934757 V
6,622406 12,378555 2,372319 -4,378737 0,824369 VII
14,568843 4,422726 5,022086 4,714575 0,450535 VI
-1,758853 -19,092795 -2,132940 -3,024819 1,464251 VI
-17,097335 8,432901 -1,416768 4,413786 0,998855 III
7,718511 -8,866694 5,494772 -5,525983 0,146762 I
-15,300018 -19,717372 -0,702903 3,402469 0,904546 V
-4,327147 -19,093343 3,546764 2,010868 0,874864 III
-12,852297 9,916091 0,971259 4,953050 0,161357 V
6,786192 -10,735209 1,615391 -1,387301 1,268639 V
-8,265402 -9,053620 -2,159366 0,644805 0,923268 VI
-6,678151 -3,388121 -1,968905 5,633825 0,377150 II
11,084859 -16,996016 -2,148592 -3,160493 1,121901 VI
3,740176 15,277830 -2,256708 -3,269199 0,840160 VII
-10,186006 -11,010225 -2,644623 -2,766862 1,041844 I
-0,354911 -6,017266 2,799009 0,676461 1,973070 II
7,498155 6,954705 6,795661 -2,788359 0,344913 VII
3,970727 -5,411666 3,267845 -0,150677 0,872777 V
-12,846474 -11,742309 -0,969817 -7,557336 0,367062 I
19,002363 -6,120921 -3,092771 3,931715 0,362409 III
8,613406 -19,925230 0,547032 -1,607140 1,953245 III
8,490260 14,729313 3,304527 -2,931788 1,021781 VI
-16,378320 -15,400325 8,228631 4,016101 0,122880 IV
-6,747662 -16,562145 -1,084565 -0,958173 1,865458 IV
3,782409 -14,598615 4,313661 -1,320120 0,691566 V
-9,437147 9,403498 2,444827 2,672768 0,466809 VI
-5,661308 3,447715 4,100475 2,967479 0,798265 V
9,905429 14,492966 2,217197 -2,539852 0,977286 IV
-0,860079 10,472685 1,474418 -2,456085 1,629047 V
-14,724828 -19,112558 1,167149 -1,819731 1,987182 V
-13,294795 9,644911 -4,006501 5,130153 0,448471 III
16,516833 -19,619899 -0,496468 -1,677476 1,944234 IV
4,644395 15,521523 -0,728513 -1,860535 0,828413 VII
-15,594047 -6,043989 3,991760 2,624598 0,952123 I
-9,348404 -0,053849 4,692234 3,670592 0,616809 VII
0,356334 16,164429 -1,392919 1,458604 1,137154 V
0,136463 -13,562639 -0,417558 -3,232248 1,228350 I
-4,012837 -4,819172 3,357595 1,216579 1,091446 VII
5,564260 7,072401 -0,952583 1,166175 1,150719 II
5,381703 -8,065468 4,425836 3,331224 0,683372 VII
-13,770276 -19,481704 -6,306241 1,534892 0,263317 VII
-11,706802 10,333064 -1,320344 -2,069002 1,677703 IV
-1,640404 17,149854 2,202314 1,832796 1,882270 III
-14,950064 11,942503 -2,642712 0,898404 1,422862 IV
16,868150 -14,167122 -9,835515 7,809762 0,061570 II
-3,740592 18,086494 1,139401 0,414982 1,831208 VII
9,718394 -17,065592 -8,587364 6,771234 0,122999 II
6,383446 1,337653 -0,711650 1,171726 1,493717 VII
12,341930 7,349848 1,246489 -1,954970 1,068685 VI
-10,476863 -1,823859 -1,179440 4,045388 1,189528 I
11,072568 -17,061849 -5,153429 -4,138636 0,241731 I
19,955289 16,157922 3,630825 5,605735 0,435466 I
9,836673 14,193023 2,075442 -1,220367 1,908091 III
-13,866727 9,597537 -3,910251 -8,311210 0,132437 V
-15,407534 8,099557 -0,754633 -3,677147 1,498915 III
0,755795 10,119385 2,238299 0,351685 1,915145 III
-11,082551 -18,756459 -1,629827 2,192364 1,784885 VII
-15,141994 -6,874032 3,551503 -5,087990 0,547881 V
17,860495 19,793667 2,392731 -5,227973 0,179579 VI
4,048061 14,466423 -3,686368 -1,006897 0,946514 VI
6,175260 19,294669 2,225682 1,910736 1,128820 V
18,438855 8,361724 -2,660317 -1,607590 1,071458 VII
-18,668747 6,176391 0,458290 1,372283 1,385655 V
0,518478 16,661801 -1,834091 1,618950 1,809548 VI
16,551665 -12,521020 0,601504 -1,396871 1,858952 VII
1,062282 15,050948 1,583338 1,495300 1,218108 II
-14,295912 -15,596948 -4,264921 1,760882 0,697377 VI
-10,104557 -13,044065 -1,426173 5,096237 0,400986 IV
8,696925 -18,513402 5,509289 2,615719 0,362996 II
-9,058143 -0,298549 3,185778 2,825963 1,178161 IV
4,209942 2,574243 -1,402095 -2,586404 1,637220 VII
-0,443575 -7,733890 -2,138573 1,536025 1,585189 II
2,927556 7,409906 3,126379 -2,128791 1,477880 III
-9,052064 -19,612766 -5,572795 1,750683 0,446907 VI
-0,641224 14,449387 -6,250590 -17,541711 0,061169 III
6,022132 14,268849 -4,445085 -1,633517 0,583817 II
2,819206 0,657480 3,258234 -1,751078 0,785086 III
-9,236058 15,170603 -1,949742 -5,278466 0,468136 V
9,651419 -18,002479 8,862987 5,641733 0,024490 VII
7,017959 19,464009 2,700359 -1,057630 1,578155 V
6,068741 -2,427804 -2,527217 2,248655 1,645907 IV
13,597158 10,625455 3,866045 0,929911 1,032922 I
-10,358684 -16,810433 1,711770 1,059089 1,117402 I
-11,428193 -12,681075 1,409426 2,103680 0,399363 VI
-8,476371 -3,154390 -3,307690 5,413126 0,500671 V
-3,468919 12,866820 -0,698418 2,162494 1,807069 IV
-2,514637 -4,650866 8,894025 -2,857923 0,102664 I
10,276038 -5,593259 -0,631027 2,964009 0,620248 II
-10,792384 13,735479 3,408894 -3,399553 0,786749 I
4,759702 1,946980 3,578752 3,838281 0,751959 VI
12,512458 19,225956 1,792503 3,829835 1,185411 IV
14,454425 -19,305801 2,131926 -0,334536 1,264688 II
12,749162 8,255815 -2,828775 1,709753 1,513748 VI
14,922892 -8,997109 -1,568658 2,485560 1,901886 III
4,691396 -8,514400 3,837720 2,490388 1,036807 VI
19,827617 -8,599155 3,509159 -1,623914 1,261292 IV
-14,461932 18,654974 2,141306 1,216417 1,826651 V
-10,267678 -1,703028 -2,506482 3,217874 1,309934 VI
14,548892 0,490154 -2,504235 -1,486730 1,671392 III
-1,048787 -7,609019 2,087695 -2,982346 0,788226 I
-9,242854 -11,448940 -2,240813 2,151320 1,381782 III
1,480842 -1,179898 -1,994723 -1,740659 1,262904 I
-11,381382 12,122982 -2,529241 2,104756 1,854983 VI
19,632684 7,718600 -0,371806 -3,342275 1,633269 III
-16,656047 3,731395 0,652833 1,859260 1,420366 VII
-0,305024 -18,943392 2,545811 -1,496939 1,255039 I
14,884554 1,559154 -1,502929 -3,419179 0,954048 IV
-12,727235 -11,702520 3,063334 6,035088 0,362206 III
17,710000 -19,914724 1,113457 -0,339493 1,965185 IV
-4,300531 6,036526 3,113184 1,722226 1,627683 VII
-14,481486 3,400430 1,447042 -0,927926 1,746201 VI
-16,762147 -10,114484 -4,022209 0,838909 1,280225 III
8,497407 14,661201 8,886703 6,205569 0,135590 IV
1,988149 12,714842 1,102556 3,213236 1,672847 VII
17,999327 -8,906192 1,115391 8,509359 0,208995 III
-1,196673 5,416927 -0,306174 3,015246 1,747950 III
10,767355 9,589647 1,381988 2,684755 1,222025 II
3,573764 -14,813151 2,358244 -0,923497 0,396264 V
17,718081 -8,638506 2,241838 -1,995478 1,443768 VII
11,020433 -16,399840 -4,175768 -3,331790 0,464414 II
-3,914007 10,489796 2,405682 2,091625 1,883817 II
-18,479372 -16,553879 1,129469 4,739731 0,885776 III
2,805754 5,588748 -2,756798 -2,572994 1,372146 IV
15,439472 19,501132 -2,677300 1,562548 1,954071 IV
6,890209 0,885367 1,151973 -3,266853 1,812301 III
1,034946 7,026721 -2,714581 8,238861 0,206870 V
5,593649 -17,939420 -1,226529 2,078990 1,728289 IV
2,454104 15,182239 -8,480052 -8,725462 0,075165 IV
-6,441870 0,891591 -2,386383 2,992404 1,425837 VII
-5,752818 -10,553599 -5,770194 4,801477 0,091611 III
5,576949 14,010187 2,270007 2,936378 1,491579 III
16,837960 3,077367 1,270568 -3,069105 1,966673 I
-1,803457 6,033976 0,779167 2,025162 1,218251 V
-12,669662 -13,235497 9,232104 2,954874 0,213798 II
-1,801648 -4,455128 9,424211 -4,412192 0,171199 II
19,260017 -1,286862 -3,483551 -2,158603 1,241607 VII
14,808723 -14,882448 -0,912832 -2,220703 1,539051 V
16,972376 -6,505469 -2,529112 1,055615 1,886242 VI
18,225363 -6,009541 2,146458 -0,967870 1,881817 II
9,997914 -9,105693 -4,321190 -0,774667 0,589880 IV
19,395021 -19,662683 1,997445 1,271005 1,649376 III
13,727293 11,885217 2,073628 1,559130 1,608998 II
-3,084830 -4,152473 2,359827 3,604772 1,142404 I
-9,178234 12,329270 2,622339 -1,256425 1,674166 IV
8,732098 1,789131 -0,858991 -2,414610 1,550724 IV
9,262748 -2,914109 2,155937 -1,584031 1,990628 VII
15,696073 0,387861 2,090460 2,757151 1,770835 VI
12,196694 2,826377 5,883780 8,569143 0,201009 IV
-11,275931 17,340257 3,922366 -3,785925 0,464462 V
14,004049 -13,747565 -3,610560 -2,089091 1,198419 III
11,215890 14,446131 -5,070746 -7,282023 0,191302 III
7,381128 16,548291 -2,515235 2,371327 0,508940 III
5,782007 -4,492067 3,833939 -3,023396 0,463927 VI
-4,662055 -8,995291 -2,509306 2,454457 1,102789 IV
0,012246 -16,604451 -4,062593 7,562360 0,211178 II
7,792772 4,188099 -1,879640 -2,116735 1,992925 V
16,931662 -15,504890 -4,164540 1,625583 0,448966 V
-7,720160 12,738090 0,696476 -2,798231 0,494265 VII
18,630330 3,701546 -13,718539 8,595064 0,080007 VI
14,000722 11,652494 -1,840673 3,267261 1,412423 VI
-10,426608 11,747234 1,330387 2,700284 1,093314 V
13,514150 16,683565 -2,332524 3,160532 1,369150 VI
-10,712257 3,256630 -6,097029 -2,754686 0,314337 I
-6,388055 13,106943 1,983248 1,888499 1,751585 IV
9,297066 -11,449539 -1,399365 0,539025 1,794109 II
-18,894801 10,954668 -3,203167 -2,310702 0,573201 V
-1,102980 -8,640791 -2,622294 -1,869107 1,083960 III
19,347677 5,819191 -1,130063 3,126395 0,889285 VII
1,543550 -15,627841 7,237999 3,174364 0,248259 VII
-1,499115 0,746268 1,683641 -4,225480 0,881476 IV
-1,751251 19,082652 4,516295 1,265662 0,499407 III
-5,426959 -9,116820 10,519289 4,561171 0,108841 IV
-1,547955 9,088243 -2,621356 2,003869 1,753489 V
-11,361320 -19,839515 3,464108 -1,077030 1,507497 II
3,205917 11,046436 -1,501952 -1,921409 1,845245 VII
-17,432602 14,805996 1,118825 1,308096 1,720128 VII
-6,919556 -5,910297 -3,907052 1,271539 0,635947 II
-13,252888 17,720082 3,613558 -0,838045 0,998147 IV
-12,616998 -16,169441 4,312907 3,780158 0,553473 VII
-9,507945 5,093939 3,037639 1,087237 1,356135 IV
16,292205 4,959475 -3,552999 17,150115 0,051215 II
-9,262545 17,164028 -4,616392 -5,076182 0,293276 III
3,015742 -1,752616 -2,644774 -0,674478 1,502797 I
2,228680 3,187278 7,297165 3,177387 0,338579 III
-12,465831 -6,834620 -2,938150 2,511576 1,099420 III
1,948020 4,506897 3,415455 -1,570099 1,453890 VII
14,346665 18,196738 4,132746 -1,626274 0,987250 III
-14,179440 5,027276 -1,447232 -2,209036 0,743139 VI
-11,010638 17,210236 -3,033129 -1,897189 1,479921 IV
-2,082917 -6,713782 -5,398834 -4,117603 0,352352 V
9,552987 -7,364045 -3,602046 4,338910 0,668042 IV
12,702659 -4,225355 -1,877344 1,723188 0,604215 I
2,966338 2,342916 6,235825 -1,394725 0,521864 II
-19,429317 4,928268 -0,821423 3,141424 1,462872 V
-10,012400 -10,401416 -2,386051 -1,141386 1,939320 IV
9,138149 14,161604 6,683687 5,908524 0,270150 VI
-17,306238 0,117915 -3,390536 -2,183844 1,166787 II
-11,398488 -13,108785 1,721704 2,258838 1,134935 II
4,975214 15,238338 1,923262 5,398401 0,638950 III
6,026540 5,917905 6,440282 0,808934 0,504601 I
-14,087258 -6,326068 -8,630503 2,365136 0,272860 VII
9,861556 15,653997 3,135365 2,304320 0,712221 VI
-18,289499 -0,320662 -1,828045 4,786552 0,128862 IV
2,825551 -6,051505 -1,436548 -1,995061 0,905471 V
-2,838425 2,814343 2,049934 -2,896971 1,458713 IV
-8,637514 -5,410385 -1,587202 2,546727 1,620794 III
12,457293 -15,626724 -1,363460 -1,554292 0,862832 I
-7,542059 9,219674 4,153972 2,125244 0,715923 IV
18,674265 2,644556 -2,676198 1,547704 1,574572 V
6,233660 2,678437 6,161451 0,859538 0,280001 VI
15,987733 -7,926902 -2,080537 2,296725 0,624786 I
2,025669 -3,229235 5,429399 -3,873595 0,425697 VII
12,000135 5,450910 3,267249 -3,355536 0,984205 II
-18,849658 -1,602890 1,930599 4,380939 0,660750 V
8,568176 9,508930 -3,542246 -0,497585 1,700871 VI
9,937593 3,953102 -1,643081 1,878516 1,486732 VI
15,598616 -14,233584 -2,316694 3,475556 1,084653 IV
16,111761 -6,512895 4,135086 -7,915527 0,112216 IV
-18,994314 -2,966685 -2,077950 2,873214 0,833316 IV
2,336073 -1,130047 3,487095 -4,336234 0,137385 III
-4,218185 13,476767 0,408150 1,689343 1,961779 VI
-14,047519 8,264929 -2,632879 -1,438605 1,696521 IV
-16,423681 -10,747296 -8,501580 -4,570572 0,173257 IV
-1,642958 11,330996 -3,667586 1,612250 1,245147 VI
-2,128501 17,263078 1,735309 3,007351 0,812170 V
-3,256750 13,058854 -2,670001 1,758498 1,363935 VI
-3,430852 10,229558 -1,165830 -2,878900 0,996989 VI
-3,165602 -8,407366 3,331502 1,593897 1,022082 IV
-6,977772 13,777767 1,924773 -1,518652 1,695097 VI
5,312523 5,355911 5,085880 1,669785 0,547431 V
14,628174 -7,948633 4,027613 -3,410501 0,736113 IV
1,597847 -8,311850 4,815059 -0,994931 0,835514 I
13,919194 -18,848969 -1,269642 -3,554194 1,468112 V
11,091613 2,279542 -0,821171 1,651884 1,536640 VII
-6,492326 17,861068 4,240718 -3,202376 0,513226 VI
17,405169 -16,296367 1,522522 -4,369954 0,522056 VII
2,164807 17,602465 -6,953654 -1,196385 0,390769 I
7,144275 -16,301556 -1,903141 1,199871 0,826258 II
-7,647133 -19,655765 -2,069837 -1,568847 1,547282 IV
14,503120 -3,140900 -3,043005 2,985817 1,130369 VI
5,646824 10,152190 2,472366 4,412827 0,370779 VII
19,022907 -3,994163 -1,701149 -2,105177 1,901619 III
19,618684 2,586070 -2,733375 -1,462169 1,625407 VII
-5,304844 -19,751924 1,132093 -2,053497 1,631499 VI
18,053486 -19,406352 -1,562860 1,836747 1,667526 II
-15,419911 -6,212993 -4,393817 -1,081819 0,790122 IV
5,814298 -1,715813 -0,641100 4,859641 0,669686 II
4,161985 -13,340102 -3,970976 -1,088182 1,207758 V
10,078804 -19,363471 2,052562 -1,689871 1,492736 VI
16,203288 -12,378804 -2,745900 -1,910927 1,299830 VII
-17,570198 7,532354 -3,805751 -4,565455 0,291027 II
-15,976734 13,007605 -5,806280 -0,528220 0,575838 III
-11,560896 17,110174 -2,080059 -2,163354 0,631170 VII
13,776447 15,705389 -7,326405 7,789737 0,098793 VII
6,797755 -5,580251 4,232187 -1,775008 0,984587 IV
-3,825186 15,588965 -6,612452 4,419170 0,331909 II
11,033958 6,813663 0,909360 -1,864076 1,296096 I
16,176567 -6,409721 3,205429 1,307004 1,192801 VII
6,521966 -9,613505 2,228944 1,998538 1,724368 V
-16,516175 -14,961511 2,564841 2,524556 1,406085 III
-17,171878 10,651353 2,639651 2,603437 0,947521 II
-10,307429 -5,306505 1,482216 1,809095 0,930170 I
-0,758862 11,862369 6,285224 -7,065728 0,235832 II
-4,547488 14,576113 -2,407619 1,538190 1,948234 VI
-9,860745 -11,476800 2,688627 4,512380 0,540191 V
6,643564 0,978431 1,469185 -0,922774 1,744833 II
14,222394 -13,275551 -1,861282 -1,000382 0,772152 IV
-11,904140 -14,792608 -7,140373 -0,531956 0,293012 IV
17,014627 -9,490918 -3,172517 0,495865 1,331365 III
0,317268 4,731084 3,385765 -1,641388 0,426342 I
-7,331382 5,611160 1,586672 -2,283785 1,164866 VI
3,519751 13,583219 -15,281109 6,300988 0,074997 II
-3,481098 13,517999 -1,119452 6,426669 0,501148 II
-12,092548 -19,520605 2,138580 0,547807 0,761075 IV
5,641709 -18,028173 1,729494 -3,086922 1,725570 VI
8,525246 -9,748834 1,230673 -1,477298 0,968976 III
-11,954394 2,690588 2,097913 3,644338 1,235963 VI
8,088840 2,084475 -1,254387 1,422874 1,406425 II
2,759992 12,894878 3,177360 1,927107 1,021688 V
-13,009471 -4,044641 2,725907 0,622964 0,615821 IV
6,267136 -19,824526 1,533337 -2,573709 1,233920 VII
-3,524151 -0,376537 1,911894 -5,027643 0,725856 II
12,408183 -0,257311 0,916770 2,035262 1,971406 VI
-9,735866 7,938881 5,515981 3,156645 0,220994 IV
9,784034 -10,546776 2,426014 -1,018271 1,297315 III
13,772930 18,859977 2,294695 -3,164885 0,917058 III
-0,285202 15,940402 5,230575 -1,996693 0,332176 IV
4,813194 4,379605 -1,597681 -2,633192 1,663577 V
-16,391436 -4,546799 1,690418 -2,342899 1,960339 II
-18,021869 19,259720 17,493225 11,032913 0,012440 IV
17,564413 -0,633341 2,985543 -2,855523 1,135776 I
-6,359092 3,195057 -1,881016 -0,032497 0,839213 VII
-18,914182 -5,302645 -1,775529 3,965153 1,041216 III
18,169765 -11,824880 -1,903213 -4,774399 0,412136 V
-19,528935 -1,034406 -8,320538 -1,176471 0,276039 IV
10,995035 6,712117 -2,208152 -2,460346 0,957263 VI
-3,199658 15,435754 2,963680 1,884163 1,510675 V
-2,478698 -4,875084 -3,155794 -1,850372 1,183562 V
-10,682220 7,714082 2,513002 3,019459 0,724816 VII
0,960860 -12,985462 -1,656208 -1,570908 1,914691 V
-3,284954 -16,155438 2,007417 -0,968258 0,810190 VI
-8,409822 11,525355 2,836618 1,828115 1,721948 III
13,423892 17,898164 -0,976611 1,399696 1,724484 V
17,205821 3,979993 -4,477823 4,448475 0,404182 VII
5,740967 0,803245 -3,211926 -1,824598 1,509420 IV
-13,358558 -13,560386 2,525569 -11,390126 0,067617 VI
-18,125340 -0,297487 14,956952 -13,926732 0,043625 III
12,164349 1,569176 3,165207 -3,143990 0,731225 III
-14,802032 12,804851 0,431804 -4,020893 0,683044 II
-9,218595 5,969907 -2,700725 0,702173 0,785927 VII
-16,620734 -6,884277 -1,378469 -8,966668 0,192289 V
-17,997198 -3,195175 -2,152025 2,828687 1,562609 VII
-17,879225 -18,751428 1,918533 -2,958320 1,274735 IV
-15,298647 1,873713 2,357250 0,863238 1,469456 VI
13,338045 13,347189 2,454507 -1,999301 1,098640 VII
-4,135998 18,341669 -2,942126 -2,118553 0,816386 II
14,048914 8,564221 2,404355 2,819501 0,708134 II
-17,447110 6,273661 7,727189 7,041743 0,148986 IV
-14,721909 1,636896 -1,969392 1,396186 1,613787 IV
0,870150 -1,288384 3,431556 2,025904 0,165109 III
4,074774 10,832972 1,214244 1,159132 0,869065 IV
14,611147 13,761415 2,021855 1,161719 1,702047 IV
0,796789 -2,242185 -3,158153 -1,311109 1,248771 I
10,992568 -16,775223 2,411887 3,856536 0,883557 VII
-1,709547 -11,684463 2,853160 1,203421 1,094975 V
-6,981573 -13,316041 -2,764371 -2,155506 1,521248 IV
7,147474 17,651511 0,875381 -3,489150 0,820063 III
-13,078811 -5,722218 0,551004 3,093085 0,424620 V
-3,819068 -0,672172 -1,501721 3,873475 0,521262 VI
10,890498 -10,717116 -4,718984 1,683765 0,852559 II
3,721932 -5,196436 -4,976195 3,785584 0,264078 V
9,780581 19,772931 -2,576543 5,420478 0,408929 III
14,483434 -6,064987 -12,512711 17,807307 0,045671 VII
-0,785195 2,306500 -8,707676 4,238592 0,216492 III
-15,653488 -13,980285 -1,718239 -1,895689 1,508662 VII
19,922067 -0,648374 2,451284 2,894886 1,135964 VII
16,997789 12,871467 3,378710 1,501069 1,099541 I
6,262531 5,900953 2,482656 -4,362022 0,587984 VII
-7,196269 -13,181447 -3,889444 -2,894720 0,637381 V
-4,313327 -17,154781 -0,642897 3,860625 0,867569 I
-1,324567 17,851451 -2,110032 -4,215512 0,699550 III
17,588622 14,042236 -0,356785 3,780426 0,753746 V
9,011315 -17,356404 -2,488835 -4,769863 0,545841 II
15,900925 -5,111547 8,039087 -5,031993 0,108282 II
-19,847331 -9,060896 -3,116247 -4,739238 0,409259 VI
12,609833 12,541144 -2,509389 2,725416 1,567461 VII
-4,732049 19,725025 1,087897 0,721062 1,420676 I
15,207719 5,269031 -0,823441 -3,303291 1,193383 V
0,893546 6,472312 0,728522 1,393045 1,600217 IV
17,918543 4,616696 3,132860 -1,049886 1,787064 VII
-10,118019 -7,034430 10,607071 -10,116304 0,046201 III
-15,169873 7,223600 5,621078 -2,202720 0,528098 II
8,901952 14,954849 1,888189 3,410303 1,362463 VI
3,711028 -10,652507 -1,655672 2,997252 1,136897 I
16,136570 -17,226329 -1,353835 -0,520134 1,759619 V
9,973310 9,349538 2,058130 2,343087 1,157930 V
5,603724 13,118228 -4,697885 3,121320 0,678822 II
6,729331 -16,651344 1,927779 3,142961 1,545800 II
-17,412858 -17,131466 1,566747 2,315176 1,871172 III
19,913399 -11,226414 4,060303 2,234838 0,437288 IV
-7,367678 -10,836990 -0,437367 3,167409 1,501426 VI
10,137000 -1,354505 3,347263 1,465965 1,467506 VI
-0,323671 0,728380 -15,715637 5,636854 0,033957 II
-14,170454 3,902284 -2,733753 1,497199 1,355992 II
-8,407632 -8,083177 -4,573244 5,387252 0,306200 I
16,800039 15,538412 7,272043 -3,317023 0,319593 VI
-18,896329 4,240065 -1,281766 0,985888 1,845697 III
-13,470413 12,325549 -0,357046 4,789898 0,645414 V
-15,927792 -13,665689 -8,810837 -5,249134 0,180654 V
-12,166508 10,251176 0,881005 2,085501 1,740645 VI
17,689111 5,563230 1,390853 4,501235 0,513404 V
0,681951 1,102762 -2,897774 -4,246204 0,596713 VII
-9,086457 13,965894 3,379666 -0,253295 1,238090 VII
-0,890134 -19,884460 2,694965 10,007736 0,151243 V
-14,770818 9,247540 2,475934 2,291505 1,776961 VI
13,543181 18,181600 -3,230657 -1,506546 0,733335 IV
-12,552250 -10,899714 2,859471 2,387681 1,028158 VI
1,595159 1,976577 -3,254893 1,369938 0,836866 II
-16,048517 15,001447 -3,563955 -0,343050 1,657581 I
7,587838 18,160504 3,091231 -1,348852 1,853168 I
-15,000570 10,203497 0,485707 -2,228998 1,903823 VII
5,657130 -12,430788 3,425277 -1,978437 0,875376 II
-2,423631 15,365747 -3,934604 -2,125881 0,672257 II
19,280456 -18,481507 -4,989608 -1,124503 0,513998 VII
5,823578 15,235949 1,717887 -2,618509 1,487880 II
-15,139537 2,082432 3,077420 1,050902 0,945133 VII
13,626117 18,402642 -6,328756 2,832261 0,308898 IV
-16,909296 -5,849098 -4,528736 1,652026 0,927925 III
14,895536 -12,592621 -9,624747 7,180439 0,147070 IV
17,143506 -2,386857 -4,291745 -1,237667 0,787116 I
-15,096139 -7,963400 -2,264953 1,357234 1,985597 V
-6,243320 0,877403 -3,433629 0,581918 1,512412 IV
-3,913522 5,879050 -1,995788 2,704314 1,314754 IV
18,922063 -17,579748 -2,495406 -2,089211 1,333473 V
1,633881 -12,885814 2,520034 -2,941300 1,411654 III
14,603364 -6,080379 1,728135 -2,233452 0,672979 VI
4,714012 4,587240 8,122100 9,008525 0,139295 II
13,868406 -10,052853 2,858730 1,971432 1,578597 VII
-14,921359 5,682332 2,163326 4,523718 0,645485 VI
-16,913866 5,570400 -0,685099 -1,790918 0,691264 VI
2,965758 3,118242 3,294515 3,444484 0,469920 I
6,887584 -14,340938 -0,559684 3,666433 1,107346 VI
6,242932 17,047648 2,323621 -2,146833 1,040730 II
19,861207 11,168797 2,982591 -1,087501 1,005740 I
3,182930 -4,806276 -5,006145 0,569774 0,812382 VII
-0,867986 -7,137897 -2,369955 -7,373600 0,234696 VI
-8,145692 -13,237673 -2,451885 -2,224721 1,983635 III
-3,426051 -18,981020 -1,446330 -0,527572 1,140973 VI
17,323833 -3,224688 -1,646793 -1,568760 0,691573 III
-11,228087 -7,745657 -1,175380 -2,674371 0,487289 IV
15,692522 11,904699 2,037663 0,752186 1,965153 VI
1,807933 -2,623942 4,926288 -5,509481 0,294279 VI
-11,165412 -12,836024 -1,898006 -1,016819 1,252738 III
-5,236156 14,168492 -2,769464 1,036958 0,680020 I
-16,297836 1,138241 -1,037095 2,224480 1,779667 VII
7,828605 -7,911115 -2,270203 1,665829 1,190141 V
11,090384 0,781497 4,030998 1,685898 0,824300 V
12,432282 4,738107 -1,546020 -1,978957 0,613791 VII
-19,999814 -11,139509 -1,718879 3,066021 1,634412 II
-1,343759 -6,372552 1,496334 0,670819 1,912952 V
17,220382 16,828093 -0,328721 1,387038 1,532892 I
4,245959 -6,725149 1,954663 -1,661314 1,717579 IV
15,473273 12,589401 -0,603222 1,342550 1,578640 I
-8,110135 -3,111335 8,512764 2,017762 0,122750 III
-9,433786 10,888728 -2,209563 1,162928 1,693869 III
-16,612048 13,953182 1,663235 3,681571 0,655400 III
15,218990 3,899875 1,360029 -5,650913 0,393550 I
3,249455 2,714362 0,341181 -1,654113 1,473571 VII
-18,536591 -6,725315 -2,051011 -1,655098 1,368308 VI
-10,914853 -8,458616 -8,509043 -5,810593 0,203239 III
19,914163 -1,279881 -11,836197 12,852896 0,052816 VI
1,114575 -12,876889 4,099117 3,569488 0,460471 IV
12,826171 3,374529 -2,839853 -5,066014 0,651904 VII
10,281607 10,041046 1,848472 2,769606 1,744581 III
-0,074668 17,493487 2,369009 -2,347872 1,240639 VII
0,540818 2,055470 -3,576872 -2,122857 0,911370 V
-4,276289 16,383247 -2,355681 2,555867 1,625039 VI
-1,622161 -17,119834 3,619325 -3,649802 0,396726 III
-13,686520 -2,664970 -2,562805 -1,735854 1,921272 VII
4,478863 -16,933019 3,975158 -5,251085 0,444307 V
19,147851 -14,095591 4,562715 -4,611534 0,131833 VII
-16,345111 -1,542526 -15,232843 8,340930 0,069792 VII
5,098261 2,673470 -1,918086 1,082350 1,921190 II
-4,641973 17,977735 -5,844905 -2,350465 0,517689 III
-1,381262 5,529982 4,442168 9,510824 0,176398 IV
